,k,kLabel,ref
0,https://sweopendata.wikibase.cloud/entity/Q387,Ale kommuns anslagstavla,https://www.ale.se/kommun--politik/anslagstavla.html
1,https://sweopendata.wikibase.cloud/entity/Q547,Alingsås kommuns digitala anslagstavla,https://www.tjorn.se/kommun-och-politik/motestider-protokoll-och-diarium/anslagstavlan
2,https://sweopendata.wikibase.cloud/entity/Q538,Alvesta kommuns digitala anslagstavla,https://www.alvesta.se/om-kommunen/alvesta-kommuns-anslagstavla/
3,https://sweopendata.wikibase.cloud/entity/Q531,Aneby kommuns anslagstavla,https://www.aneby.se/arkiv/digital-anslagstavla.html
4,https://sweopendata.wikibase.cloud/entity/Q398,Arboga kommuns officiella anslagstavla,https://www.arboga.se/kommun--politik/beslut-insyn-och-rattssakerhet/anslagstavla.html
5,https://sweopendata.wikibase.cloud/entity/Q390,Arjeplogs kommun anslagstavla,https://www.arjeplog.se/kommun--politik/politik/anslagstavla
6,https://sweopendata.wikibase.cloud/entity/Q343,Arvidsjaurs kommun anslagstavla,https://www.arvidsjaur.se/sv/kommun/digital-anslagstavla/
7,https://sweopendata.wikibase.cloud/entity/Q352,Arvikas kommuns anslagstavla,https://www.arvika.se/anslagstavla
8,https://sweopendata.wikibase.cloud/entity/Q551,Askersunds officiella anslagstavla,https://www.askersund.se/kommun-och-politik/officiell-anslagstavla.html#.YvVCvOxByqA
9,https://sweopendata.wikibase.cloud/entity/Q331,Avesta kommuns anslagstavla,https://www.avesta.se/anslagstavla/
10,https://sweopendata.wikibase.cloud/entity/Q568,Bengtsfors kommuns officiella anslagstavla,https://www.bengtsfors.se/sidor/kommun-och-politik/officiell-anslagstavla.html
11,https://sweopendata.wikibase.cloud/entity/Q501,Bergs kommuns officiella anslagstavla,https://www.berg.se/48/kommun-och-politik/anslagstavla-officiell
12,https://sweopendata.wikibase.cloud/entity/Q405,Bjurholms kommun anslagstavla,https://www.bjurholm.se/kommun-och-politik/politik/anslagstavlan
13,https://sweopendata.wikibase.cloud/entity/Q355,Bjuvs kommuns anslagstavla,https://www.bjuv.se/kommun-och-politik/kallelser-och-protokoll/kommunal-anslagstavla.html
14,https://sweopendata.wikibase.cloud/entity/Q252,Bodens kommun Anslagstavla,https://www.boden.se/anslagstavla
15,https://sweopendata.wikibase.cloud/entity/Q559,Bollebygds kommuns digitala anslagstavla,https://www.bollebygd.se/kommunochpolitik/anslagstavla.4.7705107915f6dfbd89345a3.html
16,https://sweopendata.wikibase.cloud/entity/Q509,Bollnäs kommuns anslagstavla,https://bollnas.se/kommun-och-politik/politik-och-demokrati/moten-och-protokoll/anslagstavla
17,https://sweopendata.wikibase.cloud/entity/Q459,Borgholms kommuns officiella anslagstavla,https://www.borgholm.se/anslagstavla/
18,https://sweopendata.wikibase.cloud/entity/Q290,Borlänge kommuns anslagstavla,https://www.borlange.se/kommun-och-politik/anslagstavla
19,https://sweopendata.wikibase.cloud/entity/Q560,Borås Stads digitala anslagstavla,https://www.boras.se/anslagstavlan
20,https://sweopendata.wikibase.cloud/entity/Q470,Botkyrka kommuns digitala anslagstavla,https://www.botkyrka.se/kommun-och-politik/digital-anslagstavla
21,https://sweopendata.wikibase.cloud/entity/Q250,Boxholms kommuns digitala Anslagstavla,https://www.boxholm.se/politikorganisation/anslagstavla.4.2c5b084015fcc6afb68a4379.html
22,https://sweopendata.wikibase.cloud/entity/Q452,Bromölla kommuns officiella anslagstavla,https://www.bromolla.se/kommun-och-politik/anslagstavla/
23,https://sweopendata.wikibase.cloud/entity/Q283,Bräcke kommuns officiella anslagstavla,https://www.bracke.se/kommunochpolitik/beslutinsynochrattssakerhet/officiellanslagstavla.4.448d2df3160e422a5736f46e.html
24,https://sweopendata.wikibase.cloud/entity/Q441,Burlövs kommuns officiella anslagstavla,https://burlov.se/kommunpolitik/motenhandlingarochprotokoll/anslagstavla.4.4b79c87d16020e13fae7172c.html
25,https://sweopendata.wikibase.cloud/entity/Q334,Båstads kommuns digitala anslagstavla,https://www.bastad.se/kommun-och-politik/politik/anslagstavla/
26,https://sweopendata.wikibase.cloud/entity/Q295,Dals-Eds kommun anslagstavla,https://www.dalsed.se/anslagstavla/
27,https://sweopendata.wikibase.cloud/entity/Q476,Danderyds kommuns officiella anslagstavla,https://meetingsplus.danderyd.se/digital-bulletin-board
28,https://sweopendata.wikibase.cloud/entity/Q254,Degefors kommuns Anslagstavla,https://anslagstavlan.degerfors.se
29,https://sweopendata.wikibase.cloud/entity/Q499,Dorotea kommuns anslagstavla,https://www.dorotea.se/anslagstavla/
30,https://sweopendata.wikibase.cloud/entity/Q389,Eda kommuns digitalanslagstavla,https://www.eda.se/digitalanslagstavla
31,https://sweopendata.wikibase.cloud/entity/Q394,Ekerö kommuns anslagstavla,https://www.ekero.se/kommun-politik/moten-handlingar--protokoll/anslagstavla
32,https://sweopendata.wikibase.cloud/entity/Q346,Eksjö kommun anslagstavla,https://www.eksjo.se/kommun-och-politik/politik-och-paverkan/anslagstavla
33,https://sweopendata.wikibase.cloud/entity/Q255,Emmabodas kommuns anslagstavla,https://www.emmaboda.se/kommun--politik/politik-och-demokrati/anslagstavla.html
34,https://sweopendata.wikibase.cloud/entity/Q370,Enköpings kommun anslagstavla,https://enkoping.se/kommun-och-politik/anslagstavla.html
35,https://sweopendata.wikibase.cloud/entity/Q521,Eskilstuna kommuns Anslagstavla,https://www.eskilstuna.se/kommun-och-politik/ta-del-av-beslut/anslagstavla
36,https://sweopendata.wikibase.cloud/entity/Q430,Eslövs kommuns officiella anslagstavla,https://eslov.se/kommun-politik/anslagstavla/
37,https://sweopendata.wikibase.cloud/entity/Q557,Essunga kommuns officiella anslagstavla,https://www.essunga.se/kommun--politik/politik-och-demokrati/anslagstavla.html
38,https://sweopendata.wikibase.cloud/entity/Q315,Fagersta kommuns officiella anslagstavla,https://www.fagersta.se/organisation--styrning/anslagstavla
39,https://sweopendata.wikibase.cloud/entity/Q539,Falkenbergs kommuns officiella anslagstavla,https://kommun.falkenberg.se/politikochdemokrati/anslagstavla.4.6fcce01e1624ccbe06a44ab.html
40,https://sweopendata.wikibase.cloud/entity/Q550,Falköpings kommuns anslagstavla,https://anslagstavlan.falkoping.se/#!/billboard/
41,https://sweopendata.wikibase.cloud/entity/Q297,Falu kommuns officiella anslagstavla,https://www.falun.se/kommun--demokrati/officiell-anslagstavla.html
42,https://sweopendata.wikibase.cloud/entity/Q292,Filipstads kommun Digital anslagstavla,https://www.filipstad.se/toppmeny/kommunochpolitik/politikochdemokrati/digitalanslagstavla.3344.html
43,https://sweopendata.wikibase.cloud/entity/Q570,Finspångs kommuns anslagstavla,https://www.finspang.se/kommunochpolitik/anslagstavla.4.40cb2fd2166620ee929ad8f.html
44,https://sweopendata.wikibase.cloud/entity/Q426,Flens kommuns officiella anslagstavla,https://flen.se/om-flen/politik-paverkan/anslag/
45,https://sweopendata.wikibase.cloud/entity/Q382,Forshaga kommuns anslagstavla,https://www.forshaga.se/kommunochpolitik/overklagabeslutrattssakerhet/anslagstavla.4.7e06be8015fdc8b3230866.html
46,https://sweopendata.wikibase.cloud/entity/Q378,Färgelanda kommuns anslagstavla,https://www.fargelanda.se/kommun-och-politik/anslagstavla/
47,https://sweopendata.wikibase.cloud/entity/Q428,Gagnefs kommuns officiell anslagstavla,https://www.gagnef.se/kommun-och-politik/officiell-anslagstavla/
48,https://sweopendata.wikibase.cloud/entity/Q540,Gislaveds kommuns anslagstavla,https://www.gislaved.se/kommun-och-politik/beslut-insyn-rattssakerhet-och-personuppgifter/anslagstavla-officiell
49,https://sweopendata.wikibase.cloud/entity/Q467,Gnesta kommuns digitala anslagstavla,https://www.gnesta.se/politikdemokrati/digitalanslagstavla.4.1c9df6ab15feafa3763c877c.html
50,https://sweopendata.wikibase.cloud/entity/Q369,Gnosjö kommuns anslagstavla,https://www.gnosjo.se/kommun--politik/beslut-insyn-och-rattssakerhet/anslagstavla.html
51,https://sweopendata.wikibase.cloud/entity/Q296,Grums kommuns officiella anslagstavla,https://www.grums.se/kommunpolitik/politikochdemokrati/anslagstavla.3898.html
52,https://sweopendata.wikibase.cloud/entity/Q556,Grästorps kommuns anslagstavla,https://www.grastorp.se/kommun-och-politik/anslagstavla.html
53,https://sweopendata.wikibase.cloud/entity/Q566,Gullspång kommuns digitala anslagstavla,https://gullspang.se/Gullspangs-kommun/Kommun--politik/Politik-och-delaktighet/Digital-anslagstavla
54,https://sweopendata.wikibase.cloud/entity/Q392,Gällivare kommuns anslagstavla,http://www.gellivare.se/Kommun/Politik/Gallivare-kommuns-anslagstavla-2/
55,https://sweopendata.wikibase.cloud/entity/Q365,Gävle kommuns anslagstavla,https://www.gavle.se/tyck-till-och-paverka-gavle/kommunal-anslagstavla/
56,https://sweopendata.wikibase.cloud/entity/Q432,Göteborgs Stads anslagstavla,https://goteborg.se/wps/portal/start/kommun-o-politik/anslagstavla
57,https://sweopendata.wikibase.cloud/entity/Q247,Götene kommuns Digitala Anslagstavla,https://www.gotene.se/anslagstavla
58,https://sweopendata.wikibase.cloud/entity/Q358,Habo kommuns anslagstavla,https://www.habo.se/kommun-och-politik/beslut-insyn-och-rattssakerhet/anslagstavla.html
59,https://sweopendata.wikibase.cloud/entity/Q565,Habo kommuns officiella anslagstavla,https://www.habokommun.se/Kommun--politik/anslagstavla/
60,https://sweopendata.wikibase.cloud/entity/Q350,Hagfors kommun anslagstavla,https://www.hagfors.se/undersidor/politik-och-kommun/anslagstavla.html
61,https://sweopendata.wikibase.cloud/entity/Q256,Hallsbergs kommuns anslagstavla,https://www.hallsberg.se/organisation-och-styrning/kommunens-anslagstavla.html
62,https://sweopendata.wikibase.cloud/entity/Q313,Hallstahammars anslagstavla,https://www.hallstahammar.se/anslagstavla
63,https://sweopendata.wikibase.cloud/entity/Q510,Halmstads kommuns anslagstavla,https://www.halmstad.se/kommunochpolitik/overklagabeslutrattssakerhet/anslagstavla.n330.html?mark=Anslagstavla
64,https://sweopendata.wikibase.cloud/entity/Q384,Hammarö kommuns anslagstavla,https://www.hammaro.se/kommun-och-politik/Hur-fattas-ett-beslut/testsida-anslagstavlan/
65,https://sweopendata.wikibase.cloud/entity/Q469,Haninge kommuns anslagstavla,https://www.haninge.se/kommun-och-politik/sa-styrs-haninge/anslagstavla/
66,https://sweopendata.wikibase.cloud/entity/Q362,Haparandas kommuns digital anslagstavla,https://www.haparanda.se/kommun-och-politik/digital-anslagstavla.html
67,https://sweopendata.wikibase.cloud/entity/Q486,Heby kommuns officiella anslagstavla,https://www.heby.se/organisation-plats-och-politik/moten-handlingar-och-protokoll/digital-anslagstavla
68,https://sweopendata.wikibase.cloud/entity/Q487,Hedemoras kommuns anslagstavla,https://www.hedemora.se/m%C3%B6ten-handlingar-och-protokoll/kommunal-anslagstavla__4035
69,https://sweopendata.wikibase.cloud/entity/Q516,Hedemoras kommuns anslagstavla,https://www.hedemora.se/m%C3%B6ten-handlingar-och-protokoll/kommunal-anslagstavla__4035
70,https://sweopendata.wikibase.cloud/entity/Q396,Helsingborgs kommuns anslagstavla,https://anslagstavla.helsingborg.se/
71,https://sweopendata.wikibase.cloud/entity/Q558,Herrljunga kommuns digitala anslagstavla,https://herrljunga.se/kommun-och-politik/digital-anslagstavla.html
72,https://sweopendata.wikibase.cloud/entity/Q400,Hjo kommuns anslagstavla,https://hjo.se/kommun--politik/politik-och-organisation/anslagstavla2/
73,https://sweopendata.wikibase.cloud/entity/Q311,Hofors kommuns officiella anslagstavla,https://www.hofors.se/kommun--politik/anslagstavlan.html
74,https://sweopendata.wikibase.cloud/entity/Q395,Huddinge kommuns anslagstavla,https://www.huddinge.se/huddinge-kommuns-anslagstavla/
75,https://sweopendata.wikibase.cloud/entity/Q322,Hudiksvalls kommun anslagstavla,http://anslagstavlan.hudiksvall.se/#!/billboard/
76,https://sweopendata.wikibase.cloud/entity/Q245,Hultfreds kommuns Digitala Anslagstavla,https://www.hultsfred.se/artikel/anslagstavla/
77,https://sweopendata.wikibase.cloud/entity/Q386,Hylte kommuns anslagstavla,https://www.hylte.se/kommunpolitik/anslagstavla.4.9ddbb9815fbdeda5d75805.html
78,https://sweopendata.wikibase.cloud/entity/Q519,Hällefors kommun digitala anslagstavla,https://www.hellefors.se/anslagstavla.html
79,https://sweopendata.wikibase.cloud/entity/Q241,Härjedalens kommunala Anslagstavla,https://www.herjedalen.se/organisation-och-politik/anslagstavla.html
80,https://sweopendata.wikibase.cloud/entity/Q498,Härnösands kommuns anslagstavla,https://harnosand.se/kommun--styrning/anslagstavla.html
81,https://sweopendata.wikibase.cloud/entity/Q377,Härryda kommuns officiella anslagstavla,https://www.harryda.se/kommunochpolitik/kommunensanslagstavla.4.7baec26a15e185ecd71e3df1.html
82,https://sweopendata.wikibase.cloud/entity/Q450,Hässleholms kommuns officiella anslagstavla,https://www.hassleholm.se/ovriga-sidor/ovriga-sidor/anslagstavla.html
83,https://sweopendata.wikibase.cloud/entity/Q445,Höganäs kommuns officiella anslagstavla,https://www.hoganas.se/kommun--ledning/digital-anslagstavla.html
84,https://sweopendata.wikibase.cloud/entity/Q248,Högsbys kommuns Anslagstavla,https://www.hogsby.se/Kommun-och-politik/Anslagstavla-officiell
85,https://sweopendata.wikibase.cloud/entity/Q444,Hörby kommuns officiella anslagstavla,https://www.horby.se/kommun-och-politik/overklaga-beslut-rattssakerhet/anslagstavla/
86,https://sweopendata.wikibase.cloud/entity/Q447,Höörs kommuns officiella anslagstavla,https://www.hoor.se/kommun-politik/anslagstavla/
87,https://sweopendata.wikibase.cloud/entity/Q244,Jokkmokks kommunala Anslagstavla,https://www.jokkmokk.se/kommun-samhalle/kommun-och-Politik/politik-och-delaktighet/anslagstavla/
88,https://sweopendata.wikibase.cloud/entity/Q412,Järfälla kommuns anslagstavla,https://www.jarfalla.se/anslagstavla
89,https://sweopendata.wikibase.cloud/entity/Q554,Jönköpings kommuns officiella anslagstavla,https://www.jonkoping.se/kommunpolitik/anslagstavlaforjonkopingskommun.4.446709e815e511d6244d4c.html
90,https://sweopendata.wikibase.cloud/entity/Q489,Kalix kommuns anslagstavla,https://www.kalix.se/anslagstavla/
91,https://sweopendata.wikibase.cloud/entity/Q462,Kalmar kommuns digitala anslagstavla,https://kalmar.se/kalmar-kommuns-anslagstavla.html
92,https://sweopendata.wikibase.cloud/entity/Q379,Karlsborgs kommuns digitala anslagstavla,https://karlsborg.se/kommun--politik/sa-styrs-karlsborgs-kommun/politik/anslagstavla-for-protokoll/
93,https://sweopendata.wikibase.cloud/entity/Q363,Karlshamns kommuns anslagstavla,https://www.karlshamn.se/anslagstavla/
94,https://sweopendata.wikibase.cloud/entity/Q368,Karlskogas kommun anslagstavla,https://www.karlskoga.se/kommun--politik/anslagstavla.html
95,https://sweopendata.wikibase.cloud/entity/Q456,Karlskrona kommuns officiella anslagstavla,https://www.karlskrona.se/kommun-och-politik/sa-fungerar-kommunen/anslagstavlan/
96,https://sweopendata.wikibase.cloud/entity/Q388,Karlstads kommuns anslagstavla,https://karlstad.se/Kommun-och-politik/anslagstavla
97,https://sweopendata.wikibase.cloud/entity/Q524,Katrineholms kommuns officiella anslagstavla,https://www.katrineholm.se/kommun--demokrati/anslagstavla.html
98,https://sweopendata.wikibase.cloud/entity/Q243,Kavlinge kommuns Digitala Anslagstavla,https://www.kavlinge.se/kommun-och-politik/digital-anslagstavla
99,https://sweopendata.wikibase.cloud/entity/Q344,Kils kommuns digitala anslagstavla,https://www.kil.se/Kommun--demokrati/moten-handlingar-och-protokoll/anslagstavla-sammantraden-och-protokoll/
100,https://sweopendata.wikibase.cloud/entity/Q528,Kinda kommuns anslagstavle,https://www.kinda.se/kommunochpolitik/anslagstavla.4.fcec8c41745101e2a351d5c.html
101,https://sweopendata.wikibase.cloud/entity/Q332,Kiruna kommuns officiella anslagstavla,https://kiruna.se/kommun--demokrati/sa-kan-du-paverka/anslagstavla.html
102,https://sweopendata.wikibase.cloud/entity/Q448,Klippans kommuns anslagstavla,https://www.klippan.se/kommunpolitik/motenhandlingarprotokoll/anslagstavla.4.5edcd8a41793c2c4e274e2b.html
103,https://sweopendata.wikibase.cloud/entity/Q481,Knivsta kommuns anslagstavla,https://knivsta.se/politik-och-organisation/anslagstavla
104,https://sweopendata.wikibase.cloud/entity/Q504,Kramfors kommuns digitala anslagstavla,https://www.kramfors.se/kommun--demokrati/anslagstavla.html
105,https://sweopendata.wikibase.cloud/entity/Q385,Kristianstads kommuns anslagstavla,https://www.kristianstad.se/sv/kommun-och-politik/overklaga-beslut-rattssakerhet/anslagstavla/
106,https://sweopendata.wikibase.cloud/entity/Q361,Kristinehamns kommuns anslagstavla,https://www.kristinehamn.se/kommun-och-politik/anslagstavla/
107,https://sweopendata.wikibase.cloud/entity/Q348,Krokoms kommun anslagstavla,https://anslagstavlan.krokom.se
108,https://sweopendata.wikibase.cloud/entity/Q553,Kumla kommuns digitala anslagstavla,https://www.kumla.se/kommun-och-politik/kommunal-anslagstavla.html
109,https://sweopendata.wikibase.cloud/entity/Q383,Kungsbacka kommuns anslagstavla,https://ciceronanslagstavla.kungsbacka.se/#!/billboard/
110,https://sweopendata.wikibase.cloud/entity/Q312,Kungsörs kommuns officiella anslagstavla,https://kungsor.se/kommun-och-politik/anslagstavla.html
111,https://sweopendata.wikibase.cloud/entity/Q351,Kungälvs kommuns anslagstavla,https://www.kungalv.se/kommun--politik/officiell-anslagstavla/
112,https://sweopendata.wikibase.cloud/entity/Q316,Köpings kommuns officiella anslagstavla,https://koping.se/anslagstavla/anslagstavla.html
113,https://sweopendata.wikibase.cloud/entity/Q397,Laholms kommuns anslagstavla,https://www.laholm.se/politik-paverkan/kallelser-och-protokoll/anslagstavla/
114,https://sweopendata.wikibase.cloud/entity/Q434,Landskrona stads digitala anslagstavla,https://www.landskrona.se/en/kommun-politik/kommun/digital-anslagstavla/
115,https://sweopendata.wikibase.cloud/entity/Q562,Laxå kommuns anslagstavla,https://www.laxa.se/Kommun-och-politik/Demokrati-och-insyn/Kommunal-anslagstavla.html
116,https://sweopendata.wikibase.cloud/entity/Q563,Lekebergs kommuns anslagstavla,https://lekeberg.se/kommunochpolitik/beslutinsynochrattssakerhet/anslagstavlaofficiell.4.711bc06b14820d116bc1a0e.html
117,https://sweopendata.wikibase.cloud/entity/Q367,Leksands kommuns anslagstavla,https://www.leksand.se/medborgare/kommun-och-politik/rattssakerhet-overklaga/anslagstavla-officiell/
118,https://sweopendata.wikibase.cloud/entity/Q293,Lerums kommuns digitala anslagstavla,https://lerum.se/kommun-och-politik/digital-anslagstavla
119,https://sweopendata.wikibase.cloud/entity/Q251,Lessebo kommuns Anslagstavla,https://www.lessebo.se/sidor/kommun-och-politik/overklaga-beslut-rattsakerhet/anslagstavla-officiell.html
120,https://sweopendata.wikibase.cloud/entity/Q324,Lidingö stads anslagstavla,https://www.lidingo.se/toppmeny/ovrigasidor/stadensanslagstavla.4.7a7e170815fc29ac5e455a5.html
121,https://sweopendata.wikibase.cloud/entity/Q544,Lidköpings kommuns anslagstavla,https://www.intranat.lidkoping.se/4.710aadbd15fcaa56a5ba540b.html
122,https://sweopendata.wikibase.cloud/entity/Q359,Lillaedets kommuns anslagstavla,https://www.lillaedet.se/kommun-och-politik/moten-handlingar-och-protokoll/anslagstavla
123,https://sweopendata.wikibase.cloud/entity/Q520,Lindesberg kommuns digitala anslagstavla,https://www.lindesberg.se/kommun-och-politik/overklaga-beslut-rattssakerhet/anslagstavlor/anslagstavla
124,https://sweopendata.wikibase.cloud/entity/Q381,Linköpings kommuns anslagstavla,https://www.linkoping.se/anslagstavla
125,https://sweopendata.wikibase.cloud/entity/Q537,Ljungby kommuns anslagstavla,https://www.ljungby.se/sv/politik-och-demokrati/anslagstavla_ny/
126,https://sweopendata.wikibase.cloud/entity/Q508,Ljusdals kommuns digitala anslagstavla,https://www.ljusdal.se/kommunpolitik/anslagstavla.4.2d4b5de215f52277598c125.html
127,https://sweopendata.wikibase.cloud/entity/Q518,Ljusnarsbergs kommun anslagstavla,https://www.ljusnarsberg.se/digitalanslagstavla/anslagstavlan.4.6e8e0e05162b3d64d94836cf.html
128,https://sweopendata.wikibase.cloud/entity/Q401,Lomma kommuns anslagstavla,https://lomma.se/kommun-och-politik/overklaga-beslut-rattssakerhet/anslagstavla.html
129,https://sweopendata.wikibase.cloud/entity/Q517,Ludvika kommuns officiella anslagstavla,https://www.ludvika.se/anslagstavla/anslagstavla?bvQuery=Anslagstavla
130,https://sweopendata.wikibase.cloud/entity/Q490,Luleå kommuns anslagstavla,https://www.lulea.se/kommun--politik/insyn-och-rattssakerhet/anslagstavla.html
131,https://sweopendata.wikibase.cloud/entity/Q308,Lunds kommuns anslagstavla,https://lund.se/kommun-och-politik/anslagstavla
132,https://sweopendata.wikibase.cloud/entity/Q493,Lycksele kommuns digitala anslagstavla,https://www.lycksele.se/kommun/kommun-och-politik/anslagstavla/
133,https://sweopendata.wikibase.cloud/entity/Q555,Lysekils kommuns officiella anslagstavla,https://www.lysekil.se/organisation-plats-och-politik/overklaga-beslut-rattssakerhet/kommunal-anslagstavla.html
134,https://sweopendata.wikibase.cloud/entity/Q431,Malmö stads digitala anslagstavla,https://malmo.se/Om-Malmo-stad/Politik-beslut-och-paverkan/Anslagstavla.html
135,https://sweopendata.wikibase.cloud/entity/Q282,Malung Sälen digitala anslagstavla,https://malung-salen.se/kommun-och-politik/kommunal-anslagstavla
136,https://sweopendata.wikibase.cloud/entity/Q299,Malå kommuns digitala anslagstavla,https://www.mala.se/anslagstavla
137,https://sweopendata.wikibase.cloud/entity/Q402,Mariestad kommuns digitala anslagstavla,https://mariestad.se/Mariestads-kommun/Kommun--politik/Politik-och-delaktighet/Digital-anslagstavla
138,https://sweopendata.wikibase.cloud/entity/Q536,Markaryds kommuns digitala anslagstavla,https://www.markaryd.se/arkiv/nyheter/2018-01-08-digital-anslagstavla.html
139,https://sweopendata.wikibase.cloud/entity/Q376,Marks kommuns anslagstavla,https://www.mark.se/politik-och-organisation/anslagstavla/
140,https://sweopendata.wikibase.cloud/entity/Q564,Melleruds kommuns anslagstavla,https://www.mellerud.se/kommun-och-politik/anslagstavla/
141,https://sweopendata.wikibase.cloud/entity/Q527,Mjölby kommuns anslagstavla,https://www.mjolby.se/31082.html
142,https://sweopendata.wikibase.cloud/entity/Q513,Mora kommuns officiella anslagstavla,https://morakommun.se/arkiv/digital-anslagstavla.html
143,https://sweopendata.wikibase.cloud/entity/Q552,Motala kommuns digitala anslagstavla,https://www.motala.se/kommun-och-politik/beslut-insyn-och-rattssakerhet/anslagstavla-officiell/
144,https://sweopendata.wikibase.cloud/entity/Q266,Mullsjös kommuns anslagstavla,https://www.mullsjo.se/arkiv/anslagstavla
145,https://sweopendata.wikibase.cloud/entity/Q403,Munkedal kommuns anslagstavla,https://www.munkedal.se/kommun-och-politik/officiell-anslagstavla
146,https://sweopendata.wikibase.cloud/entity/Q300,Munkfors kommuns officiella digitala anslagstavla,https://www.munkfors.se/kommun-och-politik/digital-anslagstavla/
147,https://sweopendata.wikibase.cloud/entity/Q357,Mölndals kommuns anslagstavla,https://www.molndal.se/startsida/kommun-och-politik/insyn-och-paverkan/anslagstavla.html
148,https://sweopendata.wikibase.cloud/entity/Q460,Mönsterås kommuns anslagstavla,https://www.monsteras.se/kommun-och-politik/overklaga-beslut-rattssakerhet/anslagstavla/
149,https://sweopendata.wikibase.cloud/entity/Q458,Mörbylånga kommuns anslagstavla,https://anslagstavlan.morbylanga.se
150,https://sweopendata.wikibase.cloud/entity/Q473,Nacka kommuns officiella anslagstavla,https://www.nacka.se/kommun--politik/delta-och-paverka/anslagstavla-officiell/
151,https://sweopendata.wikibase.cloud/entity/Q418,Nora kommuns anslagstavla,https://www.nora.se/kommunpolitik/kommunalanslagstavla.4.41b0ef9915f4f66e89d8402c.html
152,https://sweopendata.wikibase.cloud/entity/Q319,Norbergs kommuns anslagstavla,https://www.norberg.se/kommun--politik/insyn-och-paverkan/kommunal-anslagstavla.html#query/*%3A*
153,https://sweopendata.wikibase.cloud/entity/Q507,Nordanstigs kommuns anslagstavla,https://anslagstavlan.nordanstig.se/#!/billboard/
154,https://sweopendata.wikibase.cloud/entity/Q496,Nordmalings kommuns officiella anslagstavla,https://www.nordmaling.se/kommun/politik/anslagstavla
155,https://sweopendata.wikibase.cloud/entity/Q525,Norrköping kommuns anslagstavla,https://norrkoping.se/organisation/anslagstavla
156,https://sweopendata.wikibase.cloud/entity/Q482,Norrtälje kommuns officiella anslagstavla,https://www.norrtalje.se/info/kommun-och-politik/handlingar-och-protokoll/anslagstavla/
157,https://sweopendata.wikibase.cloud/entity/Q259,Norsjö kommuns anslagstavla,https://www.norsjo.se/kommun-politik/beslut-insyn-och-rattssakerhet/digital-anslagstavla/
158,https://sweopendata.wikibase.cloud/entity/Q533,Nybro kommuns anslagstavla,https://nybro.se/kommun-politik/politik/anslagstavlan/
159,https://sweopendata.wikibase.cloud/entity/Q335,Nykvarns kommuns anslagstavla,https://www.nykvarn.se/kommunochpolitik/anslagstavla.4.47a2dd47177904581fa3529.html
160,https://sweopendata.wikibase.cloud/entity/Q374,Nyköpings kommuns officiella anslagstavla,https://nykoping.se/e-tavla
161,https://sweopendata.wikibase.cloud/entity/Q466,Nynäshamns kommuns anslagstavlan,https://nynashamn.se/anslagstavlan
162,https://sweopendata.wikibase.cloud/entity/Q549,Nässjö kommuns digitala anslagstavla,https://nassjo.se/kommun-och-politik/kommunens-anslagstavla.html
163,https://sweopendata.wikibase.cloud/entity/Q264,Ockelbos kommuns anslagstavla,https://www.ockelbo.se/Invanare/Kommun-och-politik/Kommunal-anslagstavla/
164,https://sweopendata.wikibase.cloud/entity/Q454,Olofströms kommuns officiella anslagstavla,https://olofstrom.se/kommun-och-politik/overklaga-beslut-rattssakerhet/anslagstavla-officiell
165,https://sweopendata.wikibase.cloud/entity/Q276,Orsa kommuns officiella anslagstavla,https://www.orsa.se/arkiv/anslagstavla.html
166,https://sweopendata.wikibase.cloud/entity/Q407,Orusts kommuns anslagstavla,https://www.orust.se/amnesomrade/kommunochpolitik/beslutinsynochrattssakerhet/anslagstavla.4.32c676ab13fc39bc323e51.html
167,https://sweopendata.wikibase.cloud/entity/Q451,Osby kommuns anslagstavla,https://www.osby.se/diverse/anslagstavla.html
168,https://sweopendata.wikibase.cloud/entity/Q463,Oskarshamns kommuns anslagstavla,https://www.oskarshamn.se/mer-om-kommunen/politik-och-forvaltning/styrande-dokument/anslagstavla-kallelser-protokoll-delegationsbeslut/anslagstavla/
169,https://sweopendata.wikibase.cloud/entity/Q265,Ovanåkers kommuns anslagstavla,https://www.ovanaker.se/omkommunen/politikochdemokrati/kommunensanslagstavla.2031.html
170,https://sweopendata.wikibase.cloud/entity/Q262,Oxelösunds kommuns anslagstavla,https://www.oxelosund.se/ovrigt/digital-anslagstavla
171,https://sweopendata.wikibase.cloud/entity/Q488,Pajala kommuns digitala anslagstavla,https://www.pajala.se/kommun-politik-service/anslagstavla/
172,https://sweopendata.wikibase.cloud/entity/Q541,Partille kommuns anslagstavla,https://www.partille.se/digital-anslagstavla/
173,https://sweopendata.wikibase.cloud/entity/Q284,Perstorps kommuns digitala anslagstavla,https://www.perstorp.se/kommunochpolitik/anslagstavla.4.61780eb015c1403d6348020.html
174,https://sweopendata.wikibase.cloud/entity/Q492,Piteå kommuns anslagstavla,https://www.pitea.se/site/kommunal-anslagstavla/
175,https://sweopendata.wikibase.cloud/entity/Q505,Ragunda kommuns officiella digitala anslagstavla,https://www.ragunda.se/kommun-och-politik/diarium-handlingar-och-protokoll/digital-anslagstavla.html
176,https://sweopendata.wikibase.cloud/entity/Q406,Region Gotlands anslagstavla,https://www.gotland.se/anslagstavla
177,https://sweopendata.wikibase.cloud/entity/Q257,Robertsfors kommun anslagstavla,https://www.robertsfors.se/kommun-politik/anslagstavla/
178,https://sweopendata.wikibase.cloud/entity/Q455,Ronneby kommuns anslagstavla,https://www.ronneby.se/kommun--politik/politik-och-demokrati/beslut-insyn-och-rattssakerhet/anslagstavla.html
179,https://sweopendata.wikibase.cloud/entity/Q285,Rättviks kommuns officiella digitala anslagstavla,https://www.rattvik.se/kommun-och-politik/overklaga-beslut-rattssakerhet/anslagstavla-officiell.html
180,https://sweopendata.wikibase.cloud/entity/Q423,Sala kommuns anslagstavla,https://www.sala.se/?page=info&id=14344
181,https://sweopendata.wikibase.cloud/entity/Q471,Salems kommuns officiella digitala anslagstavla,https://www.salem.se/kommun--politik/digital-anslagstavla/
182,https://sweopendata.wikibase.cloud/entity/Q485,Sandvikens kommuns anslagstavla,https://sandviken.se/kommunpolitik/anslagochkungorelser.4.76ff7fc9160559e30ec39f76.html
183,https://sweopendata.wikibase.cloud/entity/Q479,Sigtuna kommuns officiella anslagstavla,https://www.sigtuna.se/kommun-och-politik/overklaga-beslut-rattssakerhet/anslagstavla-officiell.html
184,https://sweopendata.wikibase.cloud/entity/Q437,Simrishamns kommuns anslagstavla,https://www.simrishamn.se/politik-och-paverkan/anslagstavla
185,https://sweopendata.wikibase.cloud/entity/Q442,Sjöbo kommuns digitala anslagstavla,https://www.sjobo.se/kommun-och-politik/digital-anslagstavla.html
186,https://sweopendata.wikibase.cloud/entity/Q337,Skara kommuns officiella anslagstavla,https://www.skara.se/kommun--politik/handlingar-och-arenden/anslagstavla.html
187,https://sweopendata.wikibase.cloud/entity/Q399,Skellefteå kommuns anslagstavla,https://anslagstavla.skelleftea.se
188,https://sweopendata.wikibase.cloud/entity/Q318,Skinnskattebergs digitala anslagstavla,https://www.skinnskatteberg.se/kommun-och-demokrati/digital-anslagstavla/
189,https://sweopendata.wikibase.cloud/entity/Q439,Skurups kommuns anslagstavla,https://www.skurup.se/anslagstavla
190,https://sweopendata.wikibase.cloud/entity/Q309,Skövde kommuns anslagstavla,https://skovde.se/kommun-politik/anslagstavla/anslagstavla-skovde/
191,https://sweopendata.wikibase.cloud/entity/Q272,Smedjebackens kommuns officiella anslagstavla,https://www.smedjebacken.se/kommun-och-politik/politik-och-demokrati/digital-anslagstavla.html
192,https://sweopendata.wikibase.cloud/entity/Q506,Sollefteå kommuns anslagstavla,https://www.solleftea.se/kommun--politik/anslagstavla
193,https://sweopendata.wikibase.cloud/entity/Q522,Sollentuna kommuns anslagstavla,https://www.sollentuna.se/kommun--politik/offentlighet-och-sekretess/anslagstavla-officiell/
194,https://sweopendata.wikibase.cloud/entity/Q474,Solna stads officiella anslagstavla,https://www.solna.se/om-solna-stad/arenden-beslut-och-protokoll/anslagstavla
195,https://sweopendata.wikibase.cloud/entity/Q307,Sorsele kommuns digitala anslagstavla,https://www.sorsele.se/kommun-och-politik/anslagstavla/
196,https://sweopendata.wikibase.cloud/entity/Q373,Sotenäs kommuns anslagstavla,https://www.sotenas.se/anslagstavla.106.300bf9981600bcbed4925e94.html
197,https://sweopendata.wikibase.cloud/entity/Q443,Staffanstorps kommuns digitala anslagstavla,https://staffanstorp.se/kommun-och-politik/beslut-insyn-och-rattssakerhet/digital-anslagstavla/
198,https://sweopendata.wikibase.cloud/entity/Q347,Stenungsund kommuns anslagstavla,https://www.stenungsund.se/webbsidor/huvudmeny/kommunpolitik/beslutinsynochrattssakerhet/anslagstavla.4.69f1055615f16de81a4b8543.html
199,https://sweopendata.wikibase.cloud/entity/Q260,Stockholms stads anslagstavla,https://start.stockholm/om-stockholms-stad/politik-och-demokrati/stockholms-stads-anslagstavla/
200,https://sweopendata.wikibase.cloud/entity/Q261,Storfors kommuns anslagstavla,https://www.storfors.se/kommunochpolitik/beslutinsynochrattssakerhet/anslagstavla.4.e4d2db016037ff584e12b0.html
201,https://sweopendata.wikibase.cloud/entity/Q339,Storumans kommuns anslagstavla,https://www.storuman.se/Kommun--politik/anslagstavla/
202,https://sweopendata.wikibase.cloud/entity/Q523,Strängnäs kommuns anslagstavla,https://www.strangnas.se/kommun-och-politik/overklaga-beslut-rattssakerhet/kommunal-anslagstavla?searchQuery=Anslagstavla
203,https://sweopendata.wikibase.cloud/entity/Q372,Strömstads kommuns officiella anslagstavla,https://www.stromstad.se/kommunochpolitik/beslutinsynochrattssakerhet/anslagstavlaofficiell.4.b5400fe1453b28b6b71e706.html
204,https://sweopendata.wikibase.cloud/entity/Q422,Strömstads kommuns officiella anslagstavla,https://www.stromstad.se/kommunochpolitik/beslutinsynochrattssakerhet/anslagstavlaofficiell.4.b5400fe1453b28b6b71e706.html
205,https://sweopendata.wikibase.cloud/entity/Q497,Strömsunds kommuns officiella anslagstavla,https://www.stromsund.se/2251.html
206,https://sweopendata.wikibase.cloud/entity/Q475,Sundbybergs stads digitala anslagstavla,https://www.sundbyberg.se/kommun-politik/arenden-och-handlingar/anslagstavla.html
207,https://sweopendata.wikibase.cloud/entity/Q503,Sundsvalls kommuns officiella anslagstavla,https://sundsvall.se/kommun-och-politik/overklaga-beslut-rattssakerhet/sundsvalls-kommuns-officiella-anslagstavla
208,https://sweopendata.wikibase.cloud/entity/Q325,Sunne kommuns anslagstavla,https://sunne.se/sv/kommun/politik-och-fakta/anslagstavla/
209,https://sweopendata.wikibase.cloud/entity/Q320,Surahammars kommuns officiella anslagstavla,https://www.surahammar.se/anslagstavla/anslagstavla.html
210,https://sweopendata.wikibase.cloud/entity/Q288,Svalövs kommuns digitala anslagstavla,https://anslagstavlan.svalov.se/#!/billboard/
211,https://sweopendata.wikibase.cloud/entity/Q440,Svedala kommuns officiella anslagstavla,https://www.svedala.se/paverka/politik-och-demokrati/digital-anslagstavla/
212,https://sweopendata.wikibase.cloud/entity/Q301,Svenljunga kommuns anslagstavla,https://www.svenljunga.se/kommun--politik/anslagstavlan
213,https://sweopendata.wikibase.cloud/entity/Q354,Säffle kommuns digitala anslagstavla,https://www.saffle.se/kommun-och-politik/moten-handlingar-protokoll/digital-anslagstavla.html
214,https://sweopendata.wikibase.cloud/entity/Q429,Säters kommuns anslagstavla,https://www.sater.se/kommun-demokrati/anslagstavla/
215,https://sweopendata.wikibase.cloud/entity/Q263,Sävsjös kommuns anslagstavla,https://www.savsjo.se/kommun-och-politik/anslagstavla.html
216,https://sweopendata.wikibase.cloud/entity/Q511,Söderhamns kommun anslagstavla,https://www.soderhamn.se/sidor/kommun-och-politik/beslut-insyn-rattssakerhet/anslagstavla.html
217,https://sweopendata.wikibase.cloud/entity/Q461,Söderköpings kommuns digitala anslagstavla,https://www.soderkoping.se/officiell-anslagstavla/digital-anslagstavla/
218,https://sweopendata.wikibase.cloud/entity/Q468,Södertäljes kommun digitala anslagstavla,https://www.sodertalje.se/kommun-och-politik/anslagstavla/
219,https://sweopendata.wikibase.cloud/entity/Q453,Sölvesborgs kommuns officiella digitala anslagstavla,https://www.solvesborg.se/kommun-och-politik-/arenden-och-handlingar/anslagstavla-officiell.html
220,https://sweopendata.wikibase.cloud/entity/Q360,Tanums kommuns anslagstavla,https://www.tanum.se/kommunpolitik/beslutinsynochrattssakerhet/anslagstavla.4.4f88636115fe7bbde0a7c027.html
221,https://sweopendata.wikibase.cloud/entity/Q421,Tibro kommuns anslagstavla,https://tibro.se/kommun-och-politik/sa-styrs-tibro-kommun/anslagstavla/
222,https://sweopendata.wikibase.cloud/entity/Q545,Tidaholms kommuns anslagstavla,https://www.tidaholm.se/kommun--politik/anslagstavla.html
223,https://sweopendata.wikibase.cloud/entity/Q364,Tierps kommuns anslagstavlan,https://www.tierp.se/tierp.se/kommun-och-inflytande/demokrati-och-insyn/anslagstavlan.html
224,https://sweopendata.wikibase.cloud/entity/Q274,Timrå kommuns digitala anslagstavla,https://www.timra.se/evenemangsarkiv/osynligasidor/digitalanslagstavla.4.695d98f41800090ef895e1.html
225,https://sweopendata.wikibase.cloud/entity/Q534,Tingsryds kommuns officiella anslagstavla,https://tingsryd.se/anslagstavla/
226,https://sweopendata.wikibase.cloud/entity/Q546,Tjörns kommuns officiella anslagstavla,https://www.tjorn.se/kommun-och-politik/motestider-protokoll-och-diarium/anslagstavlan
227,https://sweopendata.wikibase.cloud/entity/Q438,Tomelilla kommuns anslagstavla,https://www.tomelilla.se/anslagstavla
228,https://sweopendata.wikibase.cloud/entity/Q249,Torsbys kommuns Anslagstavla,https://www.torsby.se/kommunpolitik/overklagabeslutrattssakerhet/anslagstavla.4.1300937915f494c4858dcc9d.html
229,https://sweopendata.wikibase.cloud/entity/Q457,Torsås kommuns digitala anslagstavla,https://www.torsas.se/anslagstavla/
230,https://sweopendata.wikibase.cloud/entity/Q304,Tranemos kommuns digitala anslagstavla,https://www.tranemo.se/kommun-och-politik/digital-anslagstavla/
231,https://sweopendata.wikibase.cloud/entity/Q529,Tranås kommuns anslagstavla,https://www.tranas.se/tranas-kommun/kommun-och-politik/beslut-och-handlingar/anslagstavla
232,https://sweopendata.wikibase.cloud/entity/Q435,Trelleborgs kommuns anslagstavla,https://www.trelleborg.se/kommun-politik/beslut-insyn-och-rattssakerhet/anslagstavla/
233,https://sweopendata.wikibase.cloud/entity/Q425,Trollhättans kommuns officiella anslagstavla,https://www.trollhattan.se/startsida/kommun-och-politik/moten-handlingar-och-protokoll/anslagstavla/?vv_hit=true
234,https://sweopendata.wikibase.cloud/entity/Q267,Trosa kommuns anslagstavla,https://www.trosa.se/anslagstavla/
235,https://sweopendata.wikibase.cloud/entity/Q472,Tyresö kommuns officiella anslagstavla,https://www.tyreso.se/arkiv/anslagstavla.html?searchKeyword=anslagstavla
236,https://sweopendata.wikibase.cloud/entity/Q393,Täby kommuns anslagstavla,https://www.taby.se/anslagstavla/
237,https://sweopendata.wikibase.cloud/entity/Q306,Töreboda kommuns officiella anslagstavla,https://toreboda.se/Toreboda-kommun/Kommun--politik/Politik-och-delaktighet/Officiell-anslagstavla
238,https://sweopendata.wikibase.cloud/entity/Q567,Uddevalla kommuns digitala officiell anslagstavla,https://www.uddevalla.se/kommun-och-politik/overklaga-beslut-rattsakerhet/anslagstavla-officiell.html
239,https://sweopendata.wikibase.cloud/entity/Q404,Ulricehamns kommuns anslagstavla,https://www.ulricehamn.se/omkommunen/anslagstavla-officiell/
240,https://sweopendata.wikibase.cloud/entity/Q341,Umeå kommuns officiella anslagstavla,https://www.umea.se/kommunochpolitik/overklagabeslutrattssakerhet/anslagstavlaofficiell.4.88db09b1724ee319ca4b0.html
241,https://sweopendata.wikibase.cloud/entity/Q480,Upplands Bro kommuns anslagstavla,https://www.upplands-bro.se/kommun--politik/politik-och-beslut/anslagstavla.html
242,https://sweopendata.wikibase.cloud/entity/Q380,Upplands Väsby kommuns anslagstavla,https://www.upplandsvasby.se/kommun-och-politik/overklaga-beslut-rattssakerhet/anslagstavla-officiell.html?searchKeyword=Anslagstavla
243,https://sweopendata.wikibase.cloud/entity/Q433,Uppsala kommuns anslagstavla för beslut och kungörelser,https://www.uppsala.se/kommun-och-politik/anslagstavla/
244,https://sweopendata.wikibase.cloud/entity/Q278,Uppvidinge kommuns digitala anslagstavla,https://www.uppvidinge.se/kommun-och-politik/politik-och-demokrati/anslagstavla.html
245,https://sweopendata.wikibase.cloud/entity/Q526,Vadstena kommuns officiella anslagstavla,https://www.vadstena.se/kommun-demokrati/politik-och-beslut/kommunal-anslagstavla/
246,https://sweopendata.wikibase.cloud/entity/Q561,Vaggeryds kommuns officiella anslagstavla,https://www.vaggeryd.se/kommun-och-politik/beslut-insyn-och-rattssakerhet/anslagstavla-officiell.html
247,https://sweopendata.wikibase.cloud/entity/Q366,Valdemarsviks kommun anslagstavla,https://www.valdemarsvik.se/kommun/kommun-politik/kommunens-anslagstavla/
248,https://sweopendata.wikibase.cloud/entity/Q465,Valdemarsviks kommuns anslagstavla,https://www.valdemarsvik.se/kommun/kommun-politik/kommunens-anslagstavla/
249,https://sweopendata.wikibase.cloud/entity/Q478,Vallentuna kommuns officiella anslagstavla,https://www.vallentuna.se/kommun-och-politik/politik-och-demokrati/anslagstavla-officiell/
250,https://sweopendata.wikibase.cloud/entity/Q514,Vansbro kommuns officiella anslagstavla,https://www.vansbro.se/arkiv/digital-anslagstavla.html
251,https://sweopendata.wikibase.cloud/entity/Q371,Vara kommuns anslagstavla,https://vara.se/kommun-och-politik/politik/anslagstavla
252,https://sweopendata.wikibase.cloud/entity/Q548,Varbergs kommuns digitala anslagstavla,https://varberg.se/kommunpolitik/kommunensanslagstavla.4.1300937915f494c4858e1917.html
253,https://sweopendata.wikibase.cloud/entity/Q329,Vaxholms kommun officiell anslagstavla,https://www.vaxholm.se/kommun--politik/beslut-insyn-och-rattssakerhet/officiell-anslagstavla
254,https://sweopendata.wikibase.cloud/entity/Q353,Vellinge kommuns anslagstavla,https://vellinge.se/anslagstavla
255,https://sweopendata.wikibase.cloud/entity/Q532,Vetlanda kommuns digitala anslagstavla,https://kommun.vetlanda.se/kommun-och-politik/politik-och-beslut/anslagstavla.html
256,https://sweopendata.wikibase.cloud/entity/Q494,Vilhelminas kommuns anslagstavla,https://www.vilhelmina.se/anslagstavla/
257,https://sweopendata.wikibase.cloud/entity/Q270,Vimmerby kommuns officiella anslagstavla,https://www.vimmerby.se/kommunochpolitik/anslagstavla.4.6081a39c160e9b387314a0b.html
258,https://sweopendata.wikibase.cloud/entity/Q277,Vindelns kommun anslagstavla,https://www.vindeln.se/kommun-och-politik/politisk-styrning/anslagstavlan
259,https://sweopendata.wikibase.cloud/entity/Q569,Vingåkers kommuns anslagstavla,https://www.vingaker.se/anslagstavla/
260,https://sweopendata.wikibase.cloud/entity/Q349,Vänersborgs kommun anslagstavla,https://www.vanersborg.se/kommun--politik/vanersborgs-kommuns-anslagstavla.html
261,https://sweopendata.wikibase.cloud/entity/Q327,Vännäs kommuns officiella anslagstavla,https://www.vannas.se/kommun-och-politik/politik-och-sammantraden/anslagstavlan
262,https://sweopendata.wikibase.cloud/entity/Q391,Värmdö kommuns anslagstavla,https://www.varmdo.se/underwebbar/anslagstavla.4.70e242e1160207f9c3a4eb9c.html
263,https://sweopendata.wikibase.cloud/entity/Q419,Värnamo kommuns officiella anslagstavla,https://kommun.varnamo.se/kommun-och-politik/politik-och-demokrati/anslagstavla.html
264,https://sweopendata.wikibase.cloud/entity/Q464,Västerviks kommuns officiella anslagstavla,https://www.vastervik.se/Kommun-och-politik/Beslut-insyn-och-rattssakerhet/anslagstavla/
265,https://sweopendata.wikibase.cloud/entity/Q424,Västerås stads anslagstavla,https://www.vasteras.se/anslagstavla.html
266,https://sweopendata.wikibase.cloud/entity/Q375,Växjö kommuns anslagstavla,https://vaxjo.se/sidor/politik-och-demokrati/anslagstavla.html
267,https://sweopendata.wikibase.cloud/entity/Q356,Vårgårda kommuns anslagstavla,https://www.vargarda.se/medborgare/kommun-och-politik/kommunal-anslagstavla.html
268,https://sweopendata.wikibase.cloud/entity/Q530,Ydre kommuns anslagstavlan,https://www.ydre.se/ydre-kommun/kommun-och-politik/anslagstavlan
269,https://sweopendata.wikibase.cloud/entity/Q436,Ystads kommuns anslagstavla,https://www.ystad.se/kommun--politik/politik-och-paverkan/politik-paverkan-och-demokrati/anslagstavla
270,https://sweopendata.wikibase.cloud/entity/Q535,Älmhults kommuns anslagstavla,https://www.almhult.se/kommunpolitik/motenhandlingarprotokoll/anslagstavla.930.html
271,https://sweopendata.wikibase.cloud/entity/Q512,Älvdalens kommuns officiella anslagstavla,https://www.alvdalen.se/arkiv/digital-anslagstavla.html
272,https://sweopendata.wikibase.cloud/entity/Q484,Älvkarleby kommuns anslagstavla,https://www.alvkarleby.se/kommun-och-politik/beslut-insyn-och-rattssakerhet/anslagstavla.html
273,https://sweopendata.wikibase.cloud/entity/Q491,Älvsbyns kommuns officiella kommunala anslagstavla,https://www.alvsbyn.se/kommun-och-politik/anslagstavla-officiell/
274,https://sweopendata.wikibase.cloud/entity/Q449,Ängelholms kommun officiella anslagstavla,https://www.engelholm.se/kommun-och-politik/anslagstavla.html
275,https://sweopendata.wikibase.cloud/entity/Q542,Åmåls kommuns anslagstavla,https://anslagstavla.amal.se/#!/billboard/
276,https://sweopendata.wikibase.cloud/entity/Q502,Ånge kommuns officiella anslagstavla,https://www.ange.se/kommun-och-politik/anslagstavla-officiell.html
277,https://sweopendata.wikibase.cloud/entity/Q500,"Åre kommuns officiella, digitala anslagstavla",https://are.se/kommunpolitik/digitalanslagstavla
278,https://sweopendata.wikibase.cloud/entity/Q427,Årjängs kommuns digitala anslagstavla,https://www.arjang.se/kommunalservice/startsida/kommunochpolitik/beslutinsynochrattssakerhet/digitalanslagstavla.4.3b981bf917a75bbaf406e472.html
279,https://sweopendata.wikibase.cloud/entity/Q495,Åsele kommuns anslagstavla,https://www.asele.se/anslagstavla/
280,https://sweopendata.wikibase.cloud/entity/Q446,Åstorps kommuns digitala anslagstavla,https://astorp.se/arkiv/digital-anslagstavla.html
281,https://sweopendata.wikibase.cloud/entity/Q420,Åtvidabergs kommuns anslagstavla,https://www.atvidaberg.se/kommun-och-politik/moten-handlingar-och-protokoll/anslagstavla
282,https://sweopendata.wikibase.cloud/entity/Q417,Öckerös kommuns anslagstavla,https://www.ockero.se/kommun-och-politik/anslagstavla
283,https://sweopendata.wikibase.cloud/entity/Q416,Ödeshögs kommuns officiella anslagstavla,https://www.odeshog.se/kommunpolitik/anslagstavlaofficiell.4.584708bd15fa4b9c5e511b16.html
284,https://sweopendata.wikibase.cloud/entity/Q415,Örebro kommuns digitala anslagstavla,https://www.orebro.se/kommun--politik/politik--beslut/digital-anslagstavla.html
285,https://sweopendata.wikibase.cloud/entity/Q414,Örkelljunga kommuns officiella anslagstavla,https://www.orkelljunga.se/16/kommun-och-politik/digital-anslagstavla.html
286,https://sweopendata.wikibase.cloud/entity/Q413,Örnsköldsviks kommuns anslagstavla,https://www.ornskoldsvik.se/om-kommunen/politiska-beslut-och-handlingar/anslagstavla?qs=Anslagstavla
287,https://sweopendata.wikibase.cloud/entity/Q411,Östersunds kommuns officiella anslagstavla,https://www.ostersund.se/kommun-och-politik/beslut-insyn-och-rattssakerhet/officiell-anslagstavla.html
288,https://sweopendata.wikibase.cloud/entity/Q477,Österåkers kommuns officiella anslagstavla,https://www.osteraker.se/kommunpolitik/arendenochhandlingar/officiellaanslagstavlan.4.592cfecd176fc0db87832a2.html
289,https://sweopendata.wikibase.cloud/entity/Q483,Östhammars kommuns anslagstavla,https://www.osthammar.se/sv/kommun-och-politik/delaktighet-och-inflytande/kommunens-anslagstavla/
290,https://sweopendata.wikibase.cloud/entity/Q410,Östra Göinge kommuns digital anslagstavla,https://www.ostragoinge.se/politik/digital-anslagstavla/
291,https://sweopendata.wikibase.cloud/entity/Q409,Överkalix kommuns anslagstavla,https://www.overkalix.se/kommun/politik-organisation/anslagstavla/
292,https://sweopendata.wikibase.cloud/entity/Q408,Övertorneå kommuns digitala anslagstavla,http://www.overtornea.se/sv/Kommun--Politik/Politik/kommunal-anslagstavla/
