,type,id,attributes.name,attributes.location.north,attributes.location.east,attributes.address,attributes.isPublished,attributes.created,attributes.changed,relationships.image.data.type,relationships.image.data.id,relationships.image.links.self,relationships.image.links.related,relationships.serviceType.data.type,relationships.serviceType.data.id,relationships.serviceType.links.self,relationships.serviceType.links.related,relationships.regions.data,links.self
0,serviceunits,12756,Akalla Gårds utegym,6588557,145156,Imatragatan 230,True,2019-08-22,2022-02-23,files,6c9ed8be-3f0d-4c93-af16-ba44de88b9ae,https://apigw.stockholm.se/noauth/virtualhittaservicedmz/rest/serviceunits/12756/relationships/image,https://apigw.stockholm.se/noauth/virtualhittaservicedmz/rest/serviceunits/12756/image,servicetypes,122,https://apigw.stockholm.se/noauth/virtualhittaservicedmz/rest/serviceunits/12756/relationships/servicetype,https://apigw.stockholm.se/noauth/virtualhittaservicedmz/rest/serviceunits/12756/servicetype,"[{'type': 'regions', 'id': '8'}]",https://apigw.stockholm.se/noauth/virtualhittaservicedmz/rest/serviceunits/12756
1,serviceunits,15335,Alviks strands utegym,6579602,149177,Gustavslundsvägen,True,2022-03-11,2022-03-11,files,88ba9596-00d0-41f3-b10d-a12f384d3015,https://apigw.stockholm.se/noauth/virtualhittaservicedmz/rest/serviceunits/15335/relationships/image,https://apigw.stockholm.se/noauth/virtualhittaservicedmz/rest/serviceunits/15335/image,servicetypes,122,https://apigw.stockholm.se/noauth/virtualhittaservicedmz/rest/serviceunits/15335/relationships/servicetype,https://apigw.stockholm.se/noauth/virtualhittaservicedmz/rest/serviceunits/15335/servicetype,"[{'type': 'regions', 'id': '1'}]",https://apigw.stockholm.se/noauth/virtualhittaservicedmz/rest/serviceunits/15335
2,serviceunits,14997,Aromen utegym,6576875,151468,Ingenjörsvägen 25,True,2021-01-21,2021-09-24,files,696c2e97-3f81-4efa-86c8-40d7eb8e0010,https://apigw.stockholm.se/noauth/virtualhittaservicedmz/rest/serviceunits/14997/relationships/image,https://apigw.stockholm.se/noauth/virtualhittaservicedmz/rest/serviceunits/14997/image,servicetypes,122,https://apigw.stockholm.se/noauth/virtualhittaservicedmz/rest/serviceunits/14997/relationships/servicetype,https://apigw.stockholm.se/noauth/virtualhittaservicedmz/rest/serviceunits/14997/servicetype,"[{'type': 'regions', 'id': '16'}]",https://apigw.stockholm.se/noauth/virtualhittaservicedmz/rest/serviceunits/14997
3,serviceunits,15453,Beckomberga utegym,6582918,144581,Grafitgränd,True,2022-06-30,2022-06-30,files,f7bb6398-bda1-4ee7-ac58-9ae463dbed53,https://apigw.stockholm.se/noauth/virtualhittaservicedmz/rest/serviceunits/15453/relationships/image,https://apigw.stockholm.se/noauth/virtualhittaservicedmz/rest/serviceunits/15453/image,servicetypes,122,https://apigw.stockholm.se/noauth/virtualhittaservicedmz/rest/serviceunits/15453/relationships/servicetype,https://apigw.stockholm.se/noauth/virtualhittaservicedmz/rest/serviceunits/15453/servicetype,"[{'type': 'regions', 'id': '1'}]",https://apigw.stockholm.se/noauth/virtualhittaservicedmz/rest/serviceunits/15453
4,serviceunits,12757,Björkhagens utegym,6575372,157321,,True,2019-08-22,2019-10-03,files,620e2190-2758-4c70-ba39-ac9cf2dddb60,https://apigw.stockholm.se/noauth/virtualhittaservicedmz/rest/serviceunits/12757/relationships/image,https://apigw.stockholm.se/noauth/virtualhittaservicedmz/rest/serviceunits/12757/image,servicetypes,122,https://apigw.stockholm.se/noauth/virtualhittaservicedmz/rest/serviceunits/12757/relationships/servicetype,https://apigw.stockholm.se/noauth/virtualhittaservicedmz/rest/serviceunits/12757/servicetype,"[{'type': 'regions', 'id': '15'}]",https://apigw.stockholm.se/noauth/virtualhittaservicedmz/rest/serviceunits/12757
5,serviceunits,14826,Blåsutparkens utegym och seniorgym,6575262,155159,Blåsutvägen 19,True,2020-08-19,2021-02-08,files,38e34709-972d-4ce1-9c5c-8496342464e2,https://apigw.stockholm.se/noauth/virtualhittaservicedmz/rest/serviceunits/14826/relationships/image,https://apigw.stockholm.se/noauth/virtualhittaservicedmz/rest/serviceunits/14826/image,servicetypes,122,https://apigw.stockholm.se/noauth/virtualhittaservicedmz/rest/serviceunits/14826/relationships/servicetype,https://apigw.stockholm.se/noauth/virtualhittaservicedmz/rest/serviceunits/14826/servicetype,"[{'type': 'regions', 'id': '2'}]",https://apigw.stockholm.se/noauth/virtualhittaservicedmz/rest/serviceunits/14826
6,serviceunits,13617,Bredängs utegym,6575563,145640,,True,2019-10-21,2021-04-21,files,fadb2cde-e070-4b30-bbc8-ed2909c45610,https://apigw.stockholm.se/noauth/virtualhittaservicedmz/rest/serviceunits/13617/relationships/image,https://apigw.stockholm.se/noauth/virtualhittaservicedmz/rest/serviceunits/13617/image,servicetypes,122,https://apigw.stockholm.se/noauth/virtualhittaservicedmz/rest/serviceunits/13617/relationships/servicetype,https://apigw.stockholm.se/noauth/virtualhittaservicedmz/rest/serviceunits/13617/servicetype,"[{'type': 'regions', 'id': '10'}]",https://apigw.stockholm.se/noauth/virtualhittaservicedmz/rest/serviceunits/13617
7,serviceunits,13619,Brotorp utegym,6573028,158464,,True,2019-10-21,2022-04-04,files,30ffecfa-fb29-4ddb-9131-21c1b75b2310,https://apigw.stockholm.se/noauth/virtualhittaservicedmz/rest/serviceunits/13619/relationships/image,https://apigw.stockholm.se/noauth/virtualhittaservicedmz/rest/serviceunits/13619/image,servicetypes,122,https://apigw.stockholm.se/noauth/virtualhittaservicedmz/rest/serviceunits/13619/relationships/servicetype,https://apigw.stockholm.se/noauth/virtualhittaservicedmz/rest/serviceunits/13619/servicetype,"[{'type': 'regions', 'id': '9'}]",https://apigw.stockholm.se/noauth/virtualhittaservicedmz/rest/serviceunits/13619
8,serviceunits,14827,Dalbottensparkens utegym och seniorgym,6571882,152720,Vrenavägen16,True,2020-08-19,2021-08-02,files,e127bbae-cba2-416c-a7df-8fb00928698f,https://apigw.stockholm.se/noauth/virtualhittaservicedmz/rest/serviceunits/14827/relationships/image,https://apigw.stockholm.se/noauth/virtualhittaservicedmz/rest/serviceunits/14827/image,servicetypes,122,https://apigw.stockholm.se/noauth/virtualhittaservicedmz/rest/serviceunits/14827/relationships/servicetype,https://apigw.stockholm.se/noauth/virtualhittaservicedmz/rest/serviceunits/14827/servicetype,"[{'type': 'regions', 'id': '2'}]",https://apigw.stockholm.se/noauth/virtualhittaservicedmz/rest/serviceunits/14827
9,serviceunits,15160,Elektraparkens utegym,6575715,150612,Korsningen Dansbanevägen och Västberga Allé,True,2021-07-08,2021-08-27,files,5c9c3133-6c00-4aef-b688-d8ab3ee62e38,https://apigw.stockholm.se/noauth/virtualhittaservicedmz/rest/serviceunits/15160/relationships/image,https://apigw.stockholm.se/noauth/virtualhittaservicedmz/rest/serviceunits/15160/image,servicetypes,122,https://apigw.stockholm.se/noauth/virtualhittaservicedmz/rest/serviceunits/15160/relationships/servicetype,https://apigw.stockholm.se/noauth/virtualhittaservicedmz/rest/serviceunits/15160/servicetype,"[{'type': 'regions', 'id': '16'}]",https://apigw.stockholm.se/noauth/virtualhittaservicedmz/rest/serviceunits/15160
10,serviceunits,12752,Eriksdals utegym,6576605,154230,Hammarby Slussväg 20,True,2019-08-21,2021-04-09,files,9d6ed347-7bb1-40c4-911a-77a3a7fbdcb0,https://apigw.stockholm.se/noauth/virtualhittaservicedmz/rest/serviceunits/12752/relationships/image,https://apigw.stockholm.se/noauth/virtualhittaservicedmz/rest/serviceunits/12752/image,servicetypes,122,https://apigw.stockholm.se/noauth/virtualhittaservicedmz/rest/serviceunits/12752/relationships/servicetype,https://apigw.stockholm.se/noauth/virtualhittaservicedmz/rest/serviceunits/12752/servicetype,"[{'type': 'regions', 'id': '12'}]",https://apigw.stockholm.se/noauth/virtualhittaservicedmz/rest/serviceunits/12752
11,serviceunits,13620,Fagersjöskogens utegym,6570561,154326,,True,2019-10-21,2022-04-20,files,fb6335b1-5a39-41c9-8992-2d8065305d3c,https://apigw.stockholm.se/noauth/virtualhittaservicedmz/rest/serviceunits/13620/relationships/image,https://apigw.stockholm.se/noauth/virtualhittaservicedmz/rest/serviceunits/13620/image,servicetypes,122,https://apigw.stockholm.se/noauth/virtualhittaservicedmz/rest/serviceunits/13620/relationships/servicetype,https://apigw.stockholm.se/noauth/virtualhittaservicedmz/rest/serviceunits/13620/servicetype,"[{'type': 'regions', 'id': '3'}]",https://apigw.stockholm.se/noauth/virtualhittaservicedmz/rest/serviceunits/13620
12,serviceunits,12753,Farsta utegym,6569370,154578,Farstagårdsvägen 10,True,2019-08-21,2022-02-23,files,5e9cb68a-b7fa-40b4-b727-607ae13b2d9b,https://apigw.stockholm.se/noauth/virtualhittaservicedmz/rest/serviceunits/12753/relationships/image,https://apigw.stockholm.se/noauth/virtualhittaservicedmz/rest/serviceunits/12753/image,servicetypes,122,https://apigw.stockholm.se/noauth/virtualhittaservicedmz/rest/serviceunits/12753/relationships/servicetype,https://apigw.stockholm.se/noauth/virtualhittaservicedmz/rest/serviceunits/12753/servicetype,"[{'type': 'regions', 'id': '3'}]",https://apigw.stockholm.se/noauth/virtualhittaservicedmz/rest/serviceunits/12753
13,serviceunits,13621,Farstanäsets utegym,6569221,154046,,True,2019-10-21,2022-03-16,files,9a13861d-094a-4aeb-bd42-5082637159c3,https://apigw.stockholm.se/noauth/virtualhittaservicedmz/rest/serviceunits/13621/relationships/image,https://apigw.stockholm.se/noauth/virtualhittaservicedmz/rest/serviceunits/13621/image,servicetypes,122,https://apigw.stockholm.se/noauth/virtualhittaservicedmz/rest/serviceunits/13621/relationships/servicetype,https://apigw.stockholm.se/noauth/virtualhittaservicedmz/rest/serviceunits/13621/servicetype,"[{'type': 'regions', 'id': '3'}]",https://apigw.stockholm.se/noauth/virtualhittaservicedmz/rest/serviceunits/13621
14,serviceunits,13623,Farstastrandbads utegym,6569069,154843,,True,2019-10-21,2022-03-16,files,3710dfd3-6860-47a9-845e-2e1ae6f36de7,https://apigw.stockholm.se/noauth/virtualhittaservicedmz/rest/serviceunits/13623/relationships/image,https://apigw.stockholm.se/noauth/virtualhittaservicedmz/rest/serviceunits/13623/image,servicetypes,122,https://apigw.stockholm.se/noauth/virtualhittaservicedmz/rest/serviceunits/13623/relationships/servicetype,https://apigw.stockholm.se/noauth/virtualhittaservicedmz/rest/serviceunits/13623/servicetype,"[{'type': 'regions', 'id': '3'}]",https://apigw.stockholm.se/noauth/virtualhittaservicedmz/rest/serviceunits/13623
15,serviceunits,15209,Fatbursparkens utegym,6577796,153924,,True,2021-10-26,,files,3a7db132-cae9-4eac-a60e-a70511e3a746,https://apigw.stockholm.se/noauth/virtualhittaservicedmz/rest/serviceunits/15209/relationships/image,https://apigw.stockholm.se/noauth/virtualhittaservicedmz/rest/serviceunits/15209/image,servicetypes,122,https://apigw.stockholm.se/noauth/virtualhittaservicedmz/rest/serviceunits/15209/relationships/servicetype,https://apigw.stockholm.se/noauth/virtualhittaservicedmz/rest/serviceunits/15209/servicetype,"[{'type': 'regions', 'id': '12'}]",https://apigw.stockholm.se/noauth/virtualhittaservicedmz/rest/serviceunits/15209
16,serviceunits,14829,Fjäderns utegym,6571519,151689,Askersundsgatan 14,True,2020-08-19,2020-08-19,files,084d6243-b65a-4cf2-aae3-94f6d2598dc5,https://apigw.stockholm.se/noauth/virtualhittaservicedmz/rest/serviceunits/14829/relationships/image,https://apigw.stockholm.se/noauth/virtualhittaservicedmz/rest/serviceunits/14829/image,servicetypes,122,https://apigw.stockholm.se/noauth/virtualhittaservicedmz/rest/serviceunits/14829/relationships/servicetype,https://apigw.stockholm.se/noauth/virtualhittaservicedmz/rest/serviceunits/14829/servicetype,"[{'type': 'regions', 'id': '2'}]",https://apigw.stockholm.se/noauth/virtualhittaservicedmz/rest/serviceunits/14829
17,serviceunits,13680,Flatenbadet utegym,6570898,159096,,True,2019-10-22,2022-04-04,files,de40da1d-bfa1-4512-b01b-1aba654534aa,https://apigw.stockholm.se/noauth/virtualhittaservicedmz/rest/serviceunits/13680/relationships/image,https://apigw.stockholm.se/noauth/virtualhittaservicedmz/rest/serviceunits/13680/image,servicetypes,122,https://apigw.stockholm.se/noauth/virtualhittaservicedmz/rest/serviceunits/13680/relationships/servicetype,https://apigw.stockholm.se/noauth/virtualhittaservicedmz/rest/serviceunits/13680/servicetype,"[{'type': 'regions', 'id': '9'}]",https://apigw.stockholm.se/noauth/virtualhittaservicedmz/rest/serviceunits/13680
18,serviceunits,13625,Fruängens utegym,6574169,147902,Korsningen av Vantörsvägen och Elsa Borgs Gata,True,2019-10-21,2022-05-09,files,d7c12f4e-096b-4c82-a045-c8718ac6937d,https://apigw.stockholm.se/noauth/virtualhittaservicedmz/rest/serviceunits/13625/relationships/image,https://apigw.stockholm.se/noauth/virtualhittaservicedmz/rest/serviceunits/13625/image,servicetypes,122,https://apigw.stockholm.se/noauth/virtualhittaservicedmz/rest/serviceunits/13625/relationships/servicetype,https://apigw.stockholm.se/noauth/virtualhittaservicedmz/rest/serviceunits/13625/servicetype,"[{'type': 'regions', 'id': '16'}]",https://apigw.stockholm.se/noauth/virtualhittaservicedmz/rest/serviceunits/13625
19,serviceunits,13627,Grimsta utegym,6582553,142364,,True,2019-10-21,2022-05-10,files,a58af5c1-7bd9-45ba-90e8-9067832841bb,https://apigw.stockholm.se/noauth/virtualhittaservicedmz/rest/serviceunits/13627/relationships/image,https://apigw.stockholm.se/noauth/virtualhittaservicedmz/rest/serviceunits/13627/image,servicetypes,122,https://apigw.stockholm.se/noauth/virtualhittaservicedmz/rest/serviceunits/13627/relationships/servicetype,https://apigw.stockholm.se/noauth/virtualhittaservicedmz/rest/serviceunits/13627/servicetype,"[{'type': 'regions', 'id': '5'}]",https://apigw.stockholm.se/noauth/virtualhittaservicedmz/rest/serviceunits/13627
20,serviceunits,13628,Grimstaskogens utegym,6582923,141254,Grimsta motionsspår vid Grimstafältet,True,2019-10-21,2022-05-10,files,038ccf0b-8c1c-4ac1-a07b-3dcfa36627bc,https://apigw.stockholm.se/noauth/virtualhittaservicedmz/rest/serviceunits/13628/relationships/image,https://apigw.stockholm.se/noauth/virtualhittaservicedmz/rest/serviceunits/13628/image,servicetypes,122,https://apigw.stockholm.se/noauth/virtualhittaservicedmz/rest/serviceunits/13628/relationships/servicetype,https://apigw.stockholm.se/noauth/virtualhittaservicedmz/rest/serviceunits/13628/servicetype,"[{'type': 'regions', 'id': '5'}]",https://apigw.stockholm.se/noauth/virtualhittaservicedmz/rest/serviceunits/13628
21,serviceunits,15316,Gubbängens utegym,6571791,155163,"Gubbängsfältet, i närheten av Gubbängsskolan.",True,2022-03-08,2022-03-16,files,b0bf55b5-9059-428a-8dcf-4db2455c92b0,https://apigw.stockholm.se/noauth/virtualhittaservicedmz/rest/serviceunits/15316/relationships/image,https://apigw.stockholm.se/noauth/virtualhittaservicedmz/rest/serviceunits/15316/image,servicetypes,122,https://apigw.stockholm.se/noauth/virtualhittaservicedmz/rest/serviceunits/15316/relationships/servicetype,https://apigw.stockholm.se/noauth/virtualhittaservicedmz/rest/serviceunits/15316/servicetype,"[{'type': 'regions', 'id': '3'}]",https://apigw.stockholm.se/noauth/virtualhittaservicedmz/rest/serviceunits/15316
22,serviceunits,14993,Gulsippans utegym,6585830,139547,,True,2021-01-12,2022-05-10,files,65372d76-1e71-42a5-bc3c-f90455e1c396,https://apigw.stockholm.se/noauth/virtualhittaservicedmz/rest/serviceunits/14993/relationships/image,https://apigw.stockholm.se/noauth/virtualhittaservicedmz/rest/serviceunits/14993/image,servicetypes,122,https://apigw.stockholm.se/noauth/virtualhittaservicedmz/rest/serviceunits/14993/relationships/servicetype,https://apigw.stockholm.se/noauth/virtualhittaservicedmz/rest/serviceunits/14993/servicetype,"[{'type': 'regions', 'id': '5'}]",https://apigw.stockholm.se/noauth/virtualhittaservicedmz/rest/serviceunits/14993
23,serviceunits,12754,Gärdets utegym,6580830,156120,Sandhamnsgatan 64,True,2019-08-21,2019-10-03,files,61d5afc7-a2e1-46fa-821a-9a0177290b3f,https://apigw.stockholm.se/noauth/virtualhittaservicedmz/rest/serviceunits/12754/relationships/image,https://apigw.stockholm.se/noauth/virtualhittaservicedmz/rest/serviceunits/12754/image,servicetypes,122,https://apigw.stockholm.se/noauth/virtualhittaservicedmz/rest/serviceunits/12754/relationships/servicetype,https://apigw.stockholm.se/noauth/virtualhittaservicedmz/rest/serviceunits/12754/servicetype,"[{'type': 'regions', 'id': '14'}]",https://apigw.stockholm.se/noauth/virtualhittaservicedmz/rest/serviceunits/12754
24,serviceunits,14825,"Götaforsvägens aktivitetspark, utegym och parkour",6572881,153130,Götaforsvägen 8,True,2020-08-19,2021-08-23,files,1fa9f49c-e770-457f-b6ff-696223aad945,https://apigw.stockholm.se/noauth/virtualhittaservicedmz/rest/serviceunits/14825/relationships/image,https://apigw.stockholm.se/noauth/virtualhittaservicedmz/rest/serviceunits/14825/image,servicetypes,122,https://apigw.stockholm.se/noauth/virtualhittaservicedmz/rest/serviceunits/14825/relationships/servicetype,https://apigw.stockholm.se/noauth/virtualhittaservicedmz/rest/serviceunits/14825/servicetype,"[{'type': 'regions', 'id': '2'}]",https://apigw.stockholm.se/noauth/virtualhittaservicedmz/rest/serviceunits/14825
25,serviceunits,13629,Hammarby Sjöstads utegym,6576265,156316,,True,2019-10-21,2022-06-29,files,9c0a4549-3cc8-42cc-89d4-62c8d326d53e,https://apigw.stockholm.se/noauth/virtualhittaservicedmz/rest/serviceunits/13629/relationships/image,https://apigw.stockholm.se/noauth/virtualhittaservicedmz/rest/serviceunits/13629/image,servicetypes,122,https://apigw.stockholm.se/noauth/virtualhittaservicedmz/rest/serviceunits/13629/relationships/servicetype,https://apigw.stockholm.se/noauth/virtualhittaservicedmz/rest/serviceunits/13629/servicetype,"[{'type': 'regions', 'id': '12'}]",https://apigw.stockholm.se/noauth/virtualhittaservicedmz/rest/serviceunits/13629
26,serviceunits,12769,Hellasgårdens utegym,6574972,159064,,True,2019-08-27,2019-10-03,files,4a5d7a82-30e5-42e5-bf27-db09e5b0b70a,https://apigw.stockholm.se/noauth/virtualhittaservicedmz/rest/serviceunits/12769/relationships/image,https://apigw.stockholm.se/noauth/virtualhittaservicedmz/rest/serviceunits/12769/image,servicetypes,122,https://apigw.stockholm.se/noauth/virtualhittaservicedmz/rest/serviceunits/12769/relationships/servicetype,https://apigw.stockholm.se/noauth/virtualhittaservicedmz/rest/serviceunits/12769/servicetype,"[{'type': 'regions', 'id': '15'}]",https://apigw.stockholm.se/noauth/virtualhittaservicedmz/rest/serviceunits/12769
27,serviceunits,13678,Hinderstorpsparkens utegym,6586116,146323,,True,2019-10-22,2021-05-04,files,ec34f56e-3301-48e2-804b-9edccb0a96ea,https://apigw.stockholm.se/noauth/virtualhittaservicedmz/rest/serviceunits/13678/relationships/image,https://apigw.stockholm.se/noauth/virtualhittaservicedmz/rest/serviceunits/13678/image,servicetypes,122,https://apigw.stockholm.se/noauth/virtualhittaservicedmz/rest/serviceunits/13678/relationships/servicetype,https://apigw.stockholm.se/noauth/virtualhittaservicedmz/rest/serviceunits/13678/servicetype,"[{'type': 'regions', 'id': '8'}]",https://apigw.stockholm.se/noauth/virtualhittaservicedmz/rest/serviceunits/13678
28,serviceunits,13630,Hjorthagens utegym,6582519,155640,Nedanför Dianavägen 30,True,2019-10-21,2022-03-24,files,df4bcd0d-c5c4-410c-a680-895cc1770884,https://apigw.stockholm.se/noauth/virtualhittaservicedmz/rest/serviceunits/13630/relationships/image,https://apigw.stockholm.se/noauth/virtualhittaservicedmz/rest/serviceunits/13630/image,servicetypes,122,https://apigw.stockholm.se/noauth/virtualhittaservicedmz/rest/serviceunits/13630/relationships/servicetype,https://apigw.stockholm.se/noauth/virtualhittaservicedmz/rest/serviceunits/13630/servicetype,"[{'type': 'regions', 'id': '14'}]",https://apigw.stockholm.se/noauth/virtualhittaservicedmz/rest/serviceunits/13630
29,serviceunits,13631,Hornsbergs strands utegym,6580620,150603,Hornsbergs strand,True,2019-10-21,2021-04-08,files,7e4703a4-ddbf-4fa5-8cb8-1e3307782b68,https://apigw.stockholm.se/noauth/virtualhittaservicedmz/rest/serviceunits/13631/relationships/image,https://apigw.stockholm.se/noauth/virtualhittaservicedmz/rest/serviceunits/13631/image,servicetypes,122,https://apigw.stockholm.se/noauth/virtualhittaservicedmz/rest/serviceunits/13631/relationships/servicetype,https://apigw.stockholm.se/noauth/virtualhittaservicedmz/rest/serviceunits/13631/servicetype,"[{'type': 'regions', 'id': '6'}]",https://apigw.stockholm.se/noauth/virtualhittaservicedmz/rest/serviceunits/13631
30,serviceunits,14749,Humlans utegym,6580583,154009,Humlegården,True,2020-06-03,2021-04-08,files,64ef5d6e-ddb0-48e5-b8ef-37317f6f7790,https://apigw.stockholm.se/noauth/virtualhittaservicedmz/rest/serviceunits/14749/relationships/image,https://apigw.stockholm.se/noauth/virtualhittaservicedmz/rest/serviceunits/14749/image,servicetypes,122,https://apigw.stockholm.se/noauth/virtualhittaservicedmz/rest/serviceunits/14749/relationships/servicetype,https://apigw.stockholm.se/noauth/virtualhittaservicedmz/rest/serviceunits/14749/servicetype,"[{'type': 'regions', 'id': '14'}]",https://apigw.stockholm.se/noauth/virtualhittaservicedmz/rest/serviceunits/14749
31,serviceunits,15425,Husarviksparkens utegym,6582863,155444,Labradorgatan 24,True,2022-04-22,2022-04-22,files,c22b08a5-f3cb-4827-a90f-5106cc655e14,https://apigw.stockholm.se/noauth/virtualhittaservicedmz/rest/serviceunits/15425/relationships/image,https://apigw.stockholm.se/noauth/virtualhittaservicedmz/rest/serviceunits/15425/image,servicetypes,122,https://apigw.stockholm.se/noauth/virtualhittaservicedmz/rest/serviceunits/15425/relationships/servicetype,https://apigw.stockholm.se/noauth/virtualhittaservicedmz/rest/serviceunits/15425/servicetype,"[{'type': 'regions', 'id': '14'}]",https://apigw.stockholm.se/noauth/virtualhittaservicedmz/rest/serviceunits/15425
32,serviceunits,14828,Högdalens utegym,6571424,152380,Magelungsvägen 158,True,2020-08-19,2022-06-16,files,c77d8afe-54d7-4c64-878e-75bc48083882,https://apigw.stockholm.se/noauth/virtualhittaservicedmz/rest/serviceunits/14828/relationships/image,https://apigw.stockholm.se/noauth/virtualhittaservicedmz/rest/serviceunits/14828/image,servicetypes,122,https://apigw.stockholm.se/noauth/virtualhittaservicedmz/rest/serviceunits/14828/relationships/servicetype,https://apigw.stockholm.se/noauth/virtualhittaservicedmz/rest/serviceunits/14828/servicetype,"[{'type': 'regions', 'id': '2'}]",https://apigw.stockholm.se/noauth/virtualhittaservicedmz/rest/serviceunits/14828
33,serviceunits,13632,Hökarängsbadets utegym,6570164,156231,,True,2019-10-21,2022-03-21,files,d3bc42bb-df0d-4d5b-a31a-d9f747bd9a5c,https://apigw.stockholm.se/noauth/virtualhittaservicedmz/rest/serviceunits/13632/relationships/image,https://apigw.stockholm.se/noauth/virtualhittaservicedmz/rest/serviceunits/13632/image,servicetypes,122,https://apigw.stockholm.se/noauth/virtualhittaservicedmz/rest/serviceunits/13632/relationships/servicetype,https://apigw.stockholm.se/noauth/virtualhittaservicedmz/rest/serviceunits/13632/servicetype,"[{'type': 'regions', 'id': '3'}]",https://apigw.stockholm.se/noauth/virtualhittaservicedmz/rest/serviceunits/13632
34,serviceunits,14745,Johan skytteskolans utegym,6573563,149012,Västerängsvägen 21,True,2020-06-01,2021-09-24,files,f80a0355-8fc4-4ffd-9076-e437a0ca763f,https://apigw.stockholm.se/noauth/virtualhittaservicedmz/rest/serviceunits/14745/relationships/image,https://apigw.stockholm.se/noauth/virtualhittaservicedmz/rest/serviceunits/14745/image,servicetypes,122,https://apigw.stockholm.se/noauth/virtualhittaservicedmz/rest/serviceunits/14745/relationships/servicetype,https://apigw.stockholm.se/noauth/virtualhittaservicedmz/rest/serviceunits/14745/servicetype,"[{'type': 'regions', 'id': '16'}]",https://apigw.stockholm.se/noauth/virtualhittaservicedmz/rest/serviceunits/14745
35,serviceunits,15072,Judarängens utegym,6580636,144713,Färjestadsvägen,True,2021-04-09,2022-03-11,files,122d9e6f-1b5a-4f35-bf61-85f4a5f40350,https://apigw.stockholm.se/noauth/virtualhittaservicedmz/rest/serviceunits/15072/relationships/image,https://apigw.stockholm.se/noauth/virtualhittaservicedmz/rest/serviceunits/15072/image,servicetypes,122,https://apigw.stockholm.se/noauth/virtualhittaservicedmz/rest/serviceunits/15072/relationships/servicetype,https://apigw.stockholm.se/noauth/virtualhittaservicedmz/rest/serviceunits/15072/servicetype,"[{'type': 'regions', 'id': '1'}]",https://apigw.stockholm.se/noauth/virtualhittaservicedmz/rest/serviceunits/15072
36,serviceunits,12758,Kaknäs utegym,6580057,157731,,True,2019-08-22,2019-10-03,files,90c353cc-e4e1-4c2b-8968-9b7986d1b90a,https://apigw.stockholm.se/noauth/virtualhittaservicedmz/rest/serviceunits/12758/relationships/image,https://apigw.stockholm.se/noauth/virtualhittaservicedmz/rest/serviceunits/12758/image,servicetypes,122,https://apigw.stockholm.se/noauth/virtualhittaservicedmz/rest/serviceunits/12758/relationships/servicetype,https://apigw.stockholm.se/noauth/virtualhittaservicedmz/rest/serviceunits/12758/servicetype,"[{'type': 'regions', 'id': '14'}]",https://apigw.stockholm.se/noauth/virtualhittaservicedmz/rest/serviceunits/12758
37,serviceunits,13633,Kanaans utegym,6581529,141984,,True,2019-10-21,2022-05-10,files,b04b2a30-e86e-4d76-b7fe-144e07c256c8,https://apigw.stockholm.se/noauth/virtualhittaservicedmz/rest/serviceunits/13633/relationships/image,https://apigw.stockholm.se/noauth/virtualhittaservicedmz/rest/serviceunits/13633/image,servicetypes,122,https://apigw.stockholm.se/noauth/virtualhittaservicedmz/rest/serviceunits/13633/relationships/servicetype,https://apigw.stockholm.se/noauth/virtualhittaservicedmz/rest/serviceunits/13633/servicetype,"[{'type': 'regions', 'id': '5'}]",https://apigw.stockholm.se/noauth/virtualhittaservicedmz/rest/serviceunits/13633
38,serviceunits,15242,Krausparkens utegym,6576177,147731,"Edward Swartz plan, utmed Hägerstensvägen",True,2021-12-01,2022-02-07,files,a7986123-dc2e-42be-91cc-7b73680c0394,https://apigw.stockholm.se/noauth/virtualhittaservicedmz/rest/serviceunits/15242/relationships/image,https://apigw.stockholm.se/noauth/virtualhittaservicedmz/rest/serviceunits/15242/image,servicetypes,122,https://apigw.stockholm.se/noauth/virtualhittaservicedmz/rest/serviceunits/15242/relationships/servicetype,https://apigw.stockholm.se/noauth/virtualhittaservicedmz/rest/serviceunits/15242/servicetype,"[{'type': 'regions', 'id': '16'}]",https://apigw.stockholm.se/noauth/virtualhittaservicedmz/rest/serviceunits/15242
39,serviceunits,13634,Kronobergsparkens utegym,6579690,152064,Kronobergsparken,True,2019-10-21,2021-04-08,files,42b402d8-c9a8-4e8f-93bd-145077a03471,https://apigw.stockholm.se/noauth/virtualhittaservicedmz/rest/serviceunits/13634/relationships/image,https://apigw.stockholm.se/noauth/virtualhittaservicedmz/rest/serviceunits/13634/image,servicetypes,122,https://apigw.stockholm.se/noauth/virtualhittaservicedmz/rest/serviceunits/13634/relationships/servicetype,https://apigw.stockholm.se/noauth/virtualhittaservicedmz/rest/serviceunits/13634/servicetype,"[{'type': 'regions', 'id': '6'}]",https://apigw.stockholm.se/noauth/virtualhittaservicedmz/rest/serviceunits/13634
40,serviceunits,13635,Kungsholms strandstigs utegym,6579875,152730,Pipersgatan 45,True,2019-10-21,2021-04-08,files,ef268ee5-58f5-4f30-9643-919242a53fab,https://apigw.stockholm.se/noauth/virtualhittaservicedmz/rest/serviceunits/13635/relationships/image,https://apigw.stockholm.se/noauth/virtualhittaservicedmz/rest/serviceunits/13635/image,servicetypes,122,https://apigw.stockholm.se/noauth/virtualhittaservicedmz/rest/serviceunits/13635/relationships/servicetype,https://apigw.stockholm.se/noauth/virtualhittaservicedmz/rest/serviceunits/13635/servicetype,"[{'type': 'regions', 'id': '6'}]",https://apigw.stockholm.se/noauth/virtualhittaservicedmz/rest/serviceunits/13635
41,serviceunits,14569,Kämpetorpsskolans utegym,6574218,149844,Kedjevägen 59 (Medaljonggatan),True,2020-02-11,2021-09-24,files,632d118e-d672-45a1-afbe-153ae85b7ee7,https://apigw.stockholm.se/noauth/virtualhittaservicedmz/rest/serviceunits/14569/relationships/image,https://apigw.stockholm.se/noauth/virtualhittaservicedmz/rest/serviceunits/14569/image,servicetypes,122,https://apigw.stockholm.se/noauth/virtualhittaservicedmz/rest/serviceunits/14569/relationships/servicetype,https://apigw.stockholm.se/noauth/virtualhittaservicedmz/rest/serviceunits/14569/servicetype,"[{'type': 'regions', 'id': '16'}]",https://apigw.stockholm.se/noauth/virtualhittaservicedmz/rest/serviceunits/14569
42,serviceunits,12759,Kärrtorps utegym,6574492,157141,,True,2019-08-22,2019-10-03,files,b6965fac-23ce-44c5-a9b6-831b691c08a5,https://apigw.stockholm.se/noauth/virtualhittaservicedmz/rest/serviceunits/12759/relationships/image,https://apigw.stockholm.se/noauth/virtualhittaservicedmz/rest/serviceunits/12759/image,servicetypes,122,https://apigw.stockholm.se/noauth/virtualhittaservicedmz/rest/serviceunits/12759/relationships/servicetype,https://apigw.stockholm.se/noauth/virtualhittaservicedmz/rest/serviceunits/12759/servicetype,"[{'type': 'regions', 'id': '9'}]",https://apigw.stockholm.se/noauth/virtualhittaservicedmz/rest/serviceunits/12759
43,serviceunits,13636,Lappkärrsbergets utegym,6584097,153316,"Docentbacken, Lappkärrsberget",True,2019-10-21,2022-03-24,files,28ae977a-4eaf-4625-b71c-5c38d77baee8,https://apigw.stockholm.se/noauth/virtualhittaservicedmz/rest/serviceunits/13636/relationships/image,https://apigw.stockholm.se/noauth/virtualhittaservicedmz/rest/serviceunits/13636/image,servicetypes,122,https://apigw.stockholm.se/noauth/virtualhittaservicedmz/rest/serviceunits/13636/relationships/servicetype,https://apigw.stockholm.se/noauth/virtualhittaservicedmz/rest/serviceunits/13636/servicetype,"[{'type': 'regions', 'id': '14'}]",https://apigw.stockholm.se/noauth/virtualhittaservicedmz/rest/serviceunits/13636
44,serviceunits,13637,Liljeholmens utegym,6577274,151181,"Liljeholmsgränd 15, Stockholm",True,2019-10-21,2021-09-24,files,66416431-bea6-4624-8355-88807b8d0e05,https://apigw.stockholm.se/noauth/virtualhittaservicedmz/rest/serviceunits/13637/relationships/image,https://apigw.stockholm.se/noauth/virtualhittaservicedmz/rest/serviceunits/13637/image,servicetypes,122,https://apigw.stockholm.se/noauth/virtualhittaservicedmz/rest/serviceunits/13637/relationships/servicetype,https://apigw.stockholm.se/noauth/virtualhittaservicedmz/rest/serviceunits/13637/servicetype,"[{'type': 'regions', 'id': '16'}]",https://apigw.stockholm.se/noauth/virtualhittaservicedmz/rest/serviceunits/13637
45,serviceunits,15208,Lilla Blecktornsparkens utegym,6577084,154785,,True,2021-10-26,2022-06-27,files,6b04ba1e-3484-4790-9779-c139101e0d44,https://apigw.stockholm.se/noauth/virtualhittaservicedmz/rest/serviceunits/15208/relationships/image,https://apigw.stockholm.se/noauth/virtualhittaservicedmz/rest/serviceunits/15208/image,servicetypes,122,https://apigw.stockholm.se/noauth/virtualhittaservicedmz/rest/serviceunits/15208/relationships/servicetype,https://apigw.stockholm.se/noauth/virtualhittaservicedmz/rest/serviceunits/15208/servicetype,"[{'type': 'regions', 'id': '12'}]",https://apigw.stockholm.se/noauth/virtualhittaservicedmz/rest/serviceunits/15208
46,serviceunits,13638,Lillsjöns utegym,6580751,147326,Kvarnbacksvägen,True,2019-10-21,2022-03-11,files,b2d8dadd-5daa-4cf1-84df-52e657d58e2f,https://apigw.stockholm.se/noauth/virtualhittaservicedmz/rest/serviceunits/13638/relationships/image,https://apigw.stockholm.se/noauth/virtualhittaservicedmz/rest/serviceunits/13638/image,servicetypes,122,https://apigw.stockholm.se/noauth/virtualhittaservicedmz/rest/serviceunits/13638/relationships/servicetype,https://apigw.stockholm.se/noauth/virtualhittaservicedmz/rest/serviceunits/13638/servicetype,"[{'type': 'regions', 'id': '1'}]",https://apigw.stockholm.se/noauth/virtualhittaservicedmz/rest/serviceunits/13638
47,serviceunits,15336,Linabergsstigens utegym,6582973,147234,Tappvägen,True,2022-03-11,2022-03-11,files,ac313375-9688-4902-be6f-ff95fa674acd,https://apigw.stockholm.se/noauth/virtualhittaservicedmz/rest/serviceunits/15336/relationships/image,https://apigw.stockholm.se/noauth/virtualhittaservicedmz/rest/serviceunits/15336/image,servicetypes,122,https://apigw.stockholm.se/noauth/virtualhittaservicedmz/rest/serviceunits/15336/relationships/servicetype,https://apigw.stockholm.se/noauth/virtualhittaservicedmz/rest/serviceunits/15336/servicetype,"[{'type': 'regions', 'id': '1'}]",https://apigw.stockholm.se/noauth/virtualhittaservicedmz/rest/serviceunits/15336
48,serviceunits,14746,Långbroparkens utegym,6574133,148574,I Långbro park vid Hultgränd,True,2020-06-01,2021-09-24,files,76b5888d-db7f-4ad7-aa73-ccd0bef7606e,https://apigw.stockholm.se/noauth/virtualhittaservicedmz/rest/serviceunits/14746/relationships/image,https://apigw.stockholm.se/noauth/virtualhittaservicedmz/rest/serviceunits/14746/image,servicetypes,122,https://apigw.stockholm.se/noauth/virtualhittaservicedmz/rest/serviceunits/14746/relationships/servicetype,https://apigw.stockholm.se/noauth/virtualhittaservicedmz/rest/serviceunits/14746/servicetype,"[{'type': 'regions', 'id': '16'}]",https://apigw.stockholm.se/noauth/virtualhittaservicedmz/rest/serviceunits/14746
49,serviceunits,14969,Lövsta utegym,6586050,138167,Lövsta Koloniväg 1,True,2020-12-04,2022-05-10,files,4963475a-4012-4d15-8883-771eb7c3528b,https://apigw.stockholm.se/noauth/virtualhittaservicedmz/rest/serviceunits/14969/relationships/image,https://apigw.stockholm.se/noauth/virtualhittaservicedmz/rest/serviceunits/14969/image,servicetypes,122,https://apigw.stockholm.se/noauth/virtualhittaservicedmz/rest/serviceunits/14969/relationships/servicetype,https://apigw.stockholm.se/noauth/virtualhittaservicedmz/rest/serviceunits/14969/servicetype,"[{'type': 'regions', 'id': '5'}]",https://apigw.stockholm.se/noauth/virtualhittaservicedmz/rest/serviceunits/14969
50,serviceunits,14992,Maltesholmsbadets utegym,6582329,141010,,True,2021-01-12,2022-05-10,files,8d2752c5-abe6-4b90-ba04-b6032a45a2c7,https://apigw.stockholm.se/noauth/virtualhittaservicedmz/rest/serviceunits/14992/relationships/image,https://apigw.stockholm.se/noauth/virtualhittaservicedmz/rest/serviceunits/14992/image,servicetypes,122,https://apigw.stockholm.se/noauth/virtualhittaservicedmz/rest/serviceunits/14992/relationships/servicetype,https://apigw.stockholm.se/noauth/virtualhittaservicedmz/rest/serviceunits/14992/servicetype,"[{'type': 'regions', 'id': '5'}]",https://apigw.stockholm.se/noauth/virtualhittaservicedmz/rest/serviceunits/14992
51,serviceunits,13639,Mellanbergsparkens utegym,6575099,148938,"Personnevägen 103, Hägersten",True,2019-10-21,2021-09-24,files,1846e57f-fea9-4211-928d-c0fe4321921d,https://apigw.stockholm.se/noauth/virtualhittaservicedmz/rest/serviceunits/13639/relationships/image,https://apigw.stockholm.se/noauth/virtualhittaservicedmz/rest/serviceunits/13639/image,servicetypes,122,https://apigw.stockholm.se/noauth/virtualhittaservicedmz/rest/serviceunits/13639/relationships/servicetype,https://apigw.stockholm.se/noauth/virtualhittaservicedmz/rest/serviceunits/13639/servicetype,"[{'type': 'regions', 'id': '16'}]",https://apigw.stockholm.se/noauth/virtualhittaservicedmz/rest/serviceunits/13639
52,serviceunits,14991,Melonparkens utegym,6583601,140336,,True,2021-01-12,2022-05-10,files,9a3ae89d-7d21-41f9-ac95-893957c13970,https://apigw.stockholm.se/noauth/virtualhittaservicedmz/rest/serviceunits/14991/relationships/image,https://apigw.stockholm.se/noauth/virtualhittaservicedmz/rest/serviceunits/14991/image,servicetypes,122,https://apigw.stockholm.se/noauth/virtualhittaservicedmz/rest/serviceunits/14991/relationships/servicetype,https://apigw.stockholm.se/noauth/virtualhittaservicedmz/rest/serviceunits/14991/servicetype,"[{'type': 'regions', 'id': '5'}]",https://apigw.stockholm.se/noauth/virtualhittaservicedmz/rest/serviceunits/14991
53,serviceunits,12772,Mossens utegym,6579297,147942,,True,2019-08-28,2022-02-23,files,17fa4fdb-23ec-4229-bd1c-a5cfb2ba5ea3,https://apigw.stockholm.se/noauth/virtualhittaservicedmz/rest/serviceunits/12772/relationships/image,https://apigw.stockholm.se/noauth/virtualhittaservicedmz/rest/serviceunits/12772/image,servicetypes,122,https://apigw.stockholm.se/noauth/virtualhittaservicedmz/rest/serviceunits/12772/relationships/servicetype,https://apigw.stockholm.se/noauth/virtualhittaservicedmz/rest/serviceunits/12772/servicetype,"[{'type': 'regions', 'id': '1'}]",https://apigw.stockholm.se/noauth/virtualhittaservicedmz/rest/serviceunits/12772
54,serviceunits,13640,Mälarhöjdsbadets utegym,6576091,145783,,True,2019-10-21,2021-04-13,files,a78f8cca-4a7a-40f8-844a-4a485862e2e0,https://apigw.stockholm.se/noauth/virtualhittaservicedmz/rest/serviceunits/13640/relationships/image,https://apigw.stockholm.se/noauth/virtualhittaservicedmz/rest/serviceunits/13640/image,servicetypes,122,https://apigw.stockholm.se/noauth/virtualhittaservicedmz/rest/serviceunits/13640/relationships/servicetype,https://apigw.stockholm.se/noauth/virtualhittaservicedmz/rest/serviceunits/13640/servicetype,"[{'type': 'regions', 'id': '10'}]",https://apigw.stockholm.se/noauth/virtualhittaservicedmz/rest/serviceunits/13640
55,serviceunits,15317,Måsens utegym,6570008,153428,Utegymmet ligger i närheten av parkleken Måsen.,True,2022-03-08,2022-03-16,files,c2b48dc6-80fe-41d2-ab76-ded53718fc53,https://apigw.stockholm.se/noauth/virtualhittaservicedmz/rest/serviceunits/15317/relationships/image,https://apigw.stockholm.se/noauth/virtualhittaservicedmz/rest/serviceunits/15317/image,servicetypes,122,https://apigw.stockholm.se/noauth/virtualhittaservicedmz/rest/serviceunits/15317/relationships/servicetype,https://apigw.stockholm.se/noauth/virtualhittaservicedmz/rest/serviceunits/15317/servicetype,"[{'type': 'regions', 'id': '3'}]",https://apigw.stockholm.se/noauth/virtualhittaservicedmz/rest/serviceunits/15317
56,serviceunits,13641,Nytorps gärdes utegym,6574881,156132,,True,2019-10-22,2022-04-04,files,fdb1c6a1-4d0a-435d-b577-b95f9a6ce5b5,https://apigw.stockholm.se/noauth/virtualhittaservicedmz/rest/serviceunits/13641/relationships/image,https://apigw.stockholm.se/noauth/virtualhittaservicedmz/rest/serviceunits/13641/image,servicetypes,122,https://apigw.stockholm.se/noauth/virtualhittaservicedmz/rest/serviceunits/13641/relationships/servicetype,https://apigw.stockholm.se/noauth/virtualhittaservicedmz/rest/serviceunits/13641/servicetype,"[{'type': 'regions', 'id': '9'}]",https://apigw.stockholm.se/noauth/virtualhittaservicedmz/rest/serviceunits/13641
57,serviceunits,13642,Nälsta utegym,6583827,143182,,True,2019-10-22,2022-05-10,files,e4faf546-9b34-41b8-9403-9a61ac07ae1a,https://apigw.stockholm.se/noauth/virtualhittaservicedmz/rest/serviceunits/13642/relationships/image,https://apigw.stockholm.se/noauth/virtualhittaservicedmz/rest/serviceunits/13642/image,servicetypes,122,https://apigw.stockholm.se/noauth/virtualhittaservicedmz/rest/serviceunits/13642/relationships/servicetype,https://apigw.stockholm.se/noauth/virtualhittaservicedmz/rest/serviceunits/13642/servicetype,"[{'type': 'regions', 'id': '5'}]",https://apigw.stockholm.se/noauth/virtualhittaservicedmz/rest/serviceunits/13642
58,serviceunits,13643,Oppundaparkens utegym,6572908,154151,,True,2019-10-22,2022-03-16,files,313a95ba-ef9b-483c-84dc-0c8f278986e5,https://apigw.stockholm.se/noauth/virtualhittaservicedmz/rest/serviceunits/13643/relationships/image,https://apigw.stockholm.se/noauth/virtualhittaservicedmz/rest/serviceunits/13643/image,servicetypes,122,https://apigw.stockholm.se/noauth/virtualhittaservicedmz/rest/serviceunits/13643/relationships/servicetype,https://apigw.stockholm.se/noauth/virtualhittaservicedmz/rest/serviceunits/13643/servicetype,"[{'type': 'regions', 'id': '3'}]",https://apigw.stockholm.se/noauth/virtualhittaservicedmz/rest/serviceunits/13643
59,serviceunits,13713,Oxtungans utegym,6583987,139691,,True,2019-11-12,2022-05-10,files,0c01616e-7b03-4396-8ac5-a96d2c2e07fb,https://apigw.stockholm.se/noauth/virtualhittaservicedmz/rest/serviceunits/13713/relationships/image,https://apigw.stockholm.se/noauth/virtualhittaservicedmz/rest/serviceunits/13713/image,servicetypes,122,https://apigw.stockholm.se/noauth/virtualhittaservicedmz/rest/serviceunits/13713/relationships/servicetype,https://apigw.stockholm.se/noauth/virtualhittaservicedmz/rest/serviceunits/13713/servicetype,"[{'type': 'regions', 'id': '5'}]",https://apigw.stockholm.se/noauth/virtualhittaservicedmz/rest/serviceunits/13713
60,serviceunits,13644,Pålsundsparkens utegym,6578189,151587,,True,2019-10-22,2021-04-09,files,4da092d6-54e0-4e8b-bd73-ee5661485811,https://apigw.stockholm.se/noauth/virtualhittaservicedmz/rest/serviceunits/13644/relationships/image,https://apigw.stockholm.se/noauth/virtualhittaservicedmz/rest/serviceunits/13644/image,servicetypes,122,https://apigw.stockholm.se/noauth/virtualhittaservicedmz/rest/serviceunits/13644/relationships/servicetype,https://apigw.stockholm.se/noauth/virtualhittaservicedmz/rest/serviceunits/13644/servicetype,"[{'type': 'regions', 'id': '12'}]",https://apigw.stockholm.se/noauth/virtualhittaservicedmz/rest/serviceunits/13644
61,serviceunits,13645,Rålambshovsparkens utegym,6579345,151442,Rålambshovsparken,True,2019-10-22,2021-04-08,files,f28ead1e-5868-4f4f-85b0-0475302fa811,https://apigw.stockholm.se/noauth/virtualhittaservicedmz/rest/serviceunits/13645/relationships/image,https://apigw.stockholm.se/noauth/virtualhittaservicedmz/rest/serviceunits/13645/image,servicetypes,122,https://apigw.stockholm.se/noauth/virtualhittaservicedmz/rest/serviceunits/13645/relationships/servicetype,https://apigw.stockholm.se/noauth/virtualhittaservicedmz/rest/serviceunits/13645/servicetype,"[{'type': 'regions', 'id': '6'}]",https://apigw.stockholm.se/noauth/virtualhittaservicedmz/rest/serviceunits/13645
62,serviceunits,15275,Saimaparkens utegym,6588945,145275,Mitt i Akalla,True,2022-01-18,,files,257dfee8-2703-4970-a1d2-feb600ff333a,https://apigw.stockholm.se/noauth/virtualhittaservicedmz/rest/serviceunits/15275/relationships/image,https://apigw.stockholm.se/noauth/virtualhittaservicedmz/rest/serviceunits/15275/image,servicetypes,122,https://apigw.stockholm.se/noauth/virtualhittaservicedmz/rest/serviceunits/15275/relationships/servicetype,https://apigw.stockholm.se/noauth/virtualhittaservicedmz/rest/serviceunits/15275/servicetype,"[{'type': 'regions', 'id': '8'}]",https://apigw.stockholm.se/noauth/virtualhittaservicedmz/rest/serviceunits/15275
63,serviceunits,13646,Sannadalsparkens utegym,6577759,150485,Gröndalsvägen 61,True,2019-10-22,2021-09-24,files,886445ff-471c-4cca-a323-920a113ca6c1,https://apigw.stockholm.se/noauth/virtualhittaservicedmz/rest/serviceunits/13646/relationships/image,https://apigw.stockholm.se/noauth/virtualhittaservicedmz/rest/serviceunits/13646/image,servicetypes,122,https://apigw.stockholm.se/noauth/virtualhittaservicedmz/rest/serviceunits/13646/relationships/servicetype,https://apigw.stockholm.se/noauth/virtualhittaservicedmz/rest/serviceunits/13646/servicetype,"[{'type': 'regions', 'id': '16'}]",https://apigw.stockholm.se/noauth/virtualhittaservicedmz/rest/serviceunits/13646
64,serviceunits,12760,Skarpnäcksfältets utegym,6572761,156841,Horisontvägen 15,True,2019-08-22,2020-05-26,files,a1d93cb8-9bd9-4178-8e00-624ab6ba0124,https://apigw.stockholm.se/noauth/virtualhittaservicedmz/rest/serviceunits/12760/relationships/image,https://apigw.stockholm.se/noauth/virtualhittaservicedmz/rest/serviceunits/12760/image,servicetypes,122,https://apigw.stockholm.se/noauth/virtualhittaservicedmz/rest/serviceunits/12760/relationships/servicetype,https://apigw.stockholm.se/noauth/virtualhittaservicedmz/rest/serviceunits/12760/servicetype,"[{'type': 'regions', 'id': '9'}]",https://apigw.stockholm.se/noauth/virtualhittaservicedmz/rest/serviceunits/12760
65,serviceunits,13647,Skärholmens utegym,6574185,144428,,True,2019-10-22,2020-08-26,files,f222f5a4-602d-4d63-b2a7-b28267fb425b,https://apigw.stockholm.se/noauth/virtualhittaservicedmz/rest/serviceunits/13647/relationships/image,https://apigw.stockholm.se/noauth/virtualhittaservicedmz/rest/serviceunits/13647/image,servicetypes,122,https://apigw.stockholm.se/noauth/virtualhittaservicedmz/rest/serviceunits/13647/relationships/servicetype,https://apigw.stockholm.se/noauth/virtualhittaservicedmz/rest/serviceunits/13647/servicetype,"[{'type': 'regions', 'id': '10'}]",https://apigw.stockholm.se/noauth/virtualhittaservicedmz/rest/serviceunits/13647
66,serviceunits,13648,Smedsuddsbadets utegym,6578963,151203,Smedsuddsbadet,True,2019-10-22,2021-04-08,files,b80b5fcf-0810-4d18-be85-e0ed5d328b26,https://apigw.stockholm.se/noauth/virtualhittaservicedmz/rest/serviceunits/13648/relationships/image,https://apigw.stockholm.se/noauth/virtualhittaservicedmz/rest/serviceunits/13648/image,servicetypes,122,https://apigw.stockholm.se/noauth/virtualhittaservicedmz/rest/serviceunits/13648/relationships/servicetype,https://apigw.stockholm.se/noauth/virtualhittaservicedmz/rest/serviceunits/13648/servicetype,"[{'type': 'regions', 'id': '6'}]",https://apigw.stockholm.se/noauth/virtualhittaservicedmz/rest/serviceunits/13648
67,serviceunits,13649,Solbergaskogens utegym,6574420,150341,"Nära Sulvägen 22, Hägersten",True,2019-10-22,2021-09-24,files,d1a8054e-dc77-4789-b61b-3ab515e569b6,https://apigw.stockholm.se/noauth/virtualhittaservicedmz/rest/serviceunits/13649/relationships/image,https://apigw.stockholm.se/noauth/virtualhittaservicedmz/rest/serviceunits/13649/image,servicetypes,122,https://apigw.stockholm.se/noauth/virtualhittaservicedmz/rest/serviceunits/13649/relationships/servicetype,https://apigw.stockholm.se/noauth/virtualhittaservicedmz/rest/serviceunits/13649/servicetype,"[{'type': 'regions', 'id': '16'}]",https://apigw.stockholm.se/noauth/virtualhittaservicedmz/rest/serviceunits/13649
68,serviceunits,13650,Solbrännans utegym,6574086,150899,Parken Solbrännan i hörnet Götalandsvägen och Folkparksvägen,True,2019-10-22,2021-09-24,files,15f41caa-556a-4f5d-afc3-a9a8e0e3ff83,https://apigw.stockholm.se/noauth/virtualhittaservicedmz/rest/serviceunits/13650/relationships/image,https://apigw.stockholm.se/noauth/virtualhittaservicedmz/rest/serviceunits/13650/image,servicetypes,122,https://apigw.stockholm.se/noauth/virtualhittaservicedmz/rest/serviceunits/13650/relationships/servicetype,https://apigw.stockholm.se/noauth/virtualhittaservicedmz/rest/serviceunits/13650/servicetype,"[{'type': 'regions', 'id': '16'}]",https://apigw.stockholm.se/noauth/virtualhittaservicedmz/rest/serviceunits/13650
69,serviceunits,13651,Solviks utegym,6577823,148020,Ålstens skogsväg,True,2019-10-22,2022-03-11,files,2bc6b926-b5c9-4176-8a3c-8cc7f813c2a2,https://apigw.stockholm.se/noauth/virtualhittaservicedmz/rest/serviceunits/13651/relationships/image,https://apigw.stockholm.se/noauth/virtualhittaservicedmz/rest/serviceunits/13651/image,servicetypes,122,https://apigw.stockholm.se/noauth/virtualhittaservicedmz/rest/serviceunits/13651/relationships/servicetype,https://apigw.stockholm.se/noauth/virtualhittaservicedmz/rest/serviceunits/13651/servicetype,"[{'type': 'regions', 'id': '1'}]",https://apigw.stockholm.se/noauth/virtualhittaservicedmz/rest/serviceunits/13651
70,serviceunits,12771,Spånga idrottsplats utegym,6585807,144744,Solhems hagväg 2,True,2019-08-27,2019-10-28,files,7f23f970-9504-4468-9961-95086d2fcd1e,https://apigw.stockholm.se/noauth/virtualhittaservicedmz/rest/serviceunits/12771/relationships/image,https://apigw.stockholm.se/noauth/virtualhittaservicedmz/rest/serviceunits/12771/image,servicetypes,122,https://apigw.stockholm.se/noauth/virtualhittaservicedmz/rest/serviceunits/12771/relationships/servicetype,https://apigw.stockholm.se/noauth/virtualhittaservicedmz/rest/serviceunits/12771/servicetype,"[{'type': 'regions', 'id': '11'}]",https://apigw.stockholm.se/noauth/virtualhittaservicedmz/rest/serviceunits/12771
71,serviceunits,13652,Spånga utegym,6585247,144308,,True,2019-10-22,2019-10-28,files,d19ae23d-7f12-48b2-ac3c-934c7479ea32,https://apigw.stockholm.se/noauth/virtualhittaservicedmz/rest/serviceunits/13652/relationships/image,https://apigw.stockholm.se/noauth/virtualhittaservicedmz/rest/serviceunits/13652/image,servicetypes,122,https://apigw.stockholm.se/noauth/virtualhittaservicedmz/rest/serviceunits/13652/relationships/servicetype,https://apigw.stockholm.se/noauth/virtualhittaservicedmz/rest/serviceunits/13652/servicetype,"[{'type': 'regions', 'id': '11'}]",https://apigw.stockholm.se/noauth/virtualhittaservicedmz/rest/serviceunits/13652
72,serviceunits,12770,Stora Sköndals utegym,6570409,157162,,True,2019-08-27,2021-05-14,files,3bd4b28d-c4a3-43b0-a2fe-06dff7dee1c3,https://apigw.stockholm.se/noauth/virtualhittaservicedmz/rest/serviceunits/12770/relationships/image,https://apigw.stockholm.se/noauth/virtualhittaservicedmz/rest/serviceunits/12770/image,servicetypes,122,https://apigw.stockholm.se/noauth/virtualhittaservicedmz/rest/serviceunits/12770/relationships/servicetype,https://apigw.stockholm.se/noauth/virtualhittaservicedmz/rest/serviceunits/12770/servicetype,"[{'type': 'regions', 'id': '3'}]",https://apigw.stockholm.se/noauth/virtualhittaservicedmz/rest/serviceunits/12770
73,serviceunits,13653,Stråkets utegym,6582795,140392,,True,2019-10-22,2022-05-10,files,b3a9a3c8-8049-4a58-bc34-7f6108ecd8c3,https://apigw.stockholm.se/noauth/virtualhittaservicedmz/rest/serviceunits/13653/relationships/image,https://apigw.stockholm.se/noauth/virtualhittaservicedmz/rest/serviceunits/13653/image,servicetypes,122,https://apigw.stockholm.se/noauth/virtualhittaservicedmz/rest/serviceunits/13653/relationships/servicetype,https://apigw.stockholm.se/noauth/virtualhittaservicedmz/rest/serviceunits/13653/servicetype,"[{'type': 'regions', 'id': '5'}]",https://apigw.stockholm.se/noauth/virtualhittaservicedmz/rest/serviceunits/13653
74,serviceunits,15176,Svampvägens utegym,6574032,154594,Mellanvägen 9,True,2021-08-03,,files,99a0d53c-f30d-4313-8224-458caf2f7fd1,https://apigw.stockholm.se/noauth/virtualhittaservicedmz/rest/serviceunits/15176/relationships/image,https://apigw.stockholm.se/noauth/virtualhittaservicedmz/rest/serviceunits/15176/image,servicetypes,122,https://apigw.stockholm.se/noauth/virtualhittaservicedmz/rest/serviceunits/15176/relationships/servicetype,https://apigw.stockholm.se/noauth/virtualhittaservicedmz/rest/serviceunits/15176/servicetype,"[{'type': 'regions', 'id': '2'}]",https://apigw.stockholm.se/noauth/virtualhittaservicedmz/rest/serviceunits/15176
75,serviceunits,14799,Svandammsparkens utegym,6576274,150325,Korsningen Tellusborgsvägen och Vattenledningsvägen,True,2020-07-24,2021-12-01,files,aff13d17-78dd-47d9-804b-f4614329dce2,https://apigw.stockholm.se/noauth/virtualhittaservicedmz/rest/serviceunits/14799/relationships/image,https://apigw.stockholm.se/noauth/virtualhittaservicedmz/rest/serviceunits/14799/image,servicetypes,122,https://apigw.stockholm.se/noauth/virtualhittaservicedmz/rest/serviceunits/14799/relationships/servicetype,https://apigw.stockholm.se/noauth/virtualhittaservicedmz/rest/serviceunits/14799/servicetype,"[{'type': 'regions', 'id': '16'}]",https://apigw.stockholm.se/noauth/virtualhittaservicedmz/rest/serviceunits/14799
76,serviceunits,13654,Sätradals utegym,6574541,145279,,True,2019-10-22,2020-08-26,files,016a2040-305a-4231-8eee-fafcbe086154,https://apigw.stockholm.se/noauth/virtualhittaservicedmz/rest/serviceunits/13654/relationships/image,https://apigw.stockholm.se/noauth/virtualhittaservicedmz/rest/serviceunits/13654/image,servicetypes,122,https://apigw.stockholm.se/noauth/virtualhittaservicedmz/rest/serviceunits/13654/relationships/servicetype,https://apigw.stockholm.se/noauth/virtualhittaservicedmz/rest/serviceunits/13654/servicetype,"[{'type': 'regions', 'id': '10'}]",https://apigw.stockholm.se/noauth/virtualhittaservicedmz/rest/serviceunits/13654
77,serviceunits,13655,Sätrastrandsbadet utegym,6574558,143907,"Alsätravägen 250, Skärholmen",True,2019-10-22,2021-04-13,files,026a77fb-91c2-40e2-8bfa-8bbaedf8eb0e,https://apigw.stockholm.se/noauth/virtualhittaservicedmz/rest/serviceunits/13655/relationships/image,https://apigw.stockholm.se/noauth/virtualhittaservicedmz/rest/serviceunits/13655/image,servicetypes,122,https://apigw.stockholm.se/noauth/virtualhittaservicedmz/rest/serviceunits/13655/relationships/servicetype,https://apigw.stockholm.se/noauth/virtualhittaservicedmz/rest/serviceunits/13655/servicetype,"[{'type': 'regions', 'id': '10'}]",https://apigw.stockholm.se/noauth/virtualhittaservicedmz/rest/serviceunits/13655
78,serviceunits,13656,Tantolundens utegym,6577605,152034,,True,2019-10-22,2021-02-01,files,63938610-903a-41af-8135-f6468ea77a04,https://apigw.stockholm.se/noauth/virtualhittaservicedmz/rest/serviceunits/13656/relationships/image,https://apigw.stockholm.se/noauth/virtualhittaservicedmz/rest/serviceunits/13656/image,servicetypes,122,https://apigw.stockholm.se/noauth/virtualhittaservicedmz/rest/serviceunits/13656/relationships/servicetype,https://apigw.stockholm.se/noauth/virtualhittaservicedmz/rest/serviceunits/13656/servicetype,"[{'type': 'regions', 'id': '12'}]",https://apigw.stockholm.se/noauth/virtualhittaservicedmz/rest/serviceunits/13656
79,serviceunits,13657,Tessinparkens seniorgym,6581114,155380,Tessinparken mot Askrikegatan,True,2019-10-22,2022-03-24,files,43bfcd2a-1b4c-4c00-a5de-e6102e65134f,https://apigw.stockholm.se/noauth/virtualhittaservicedmz/rest/serviceunits/13657/relationships/image,https://apigw.stockholm.se/noauth/virtualhittaservicedmz/rest/serviceunits/13657/image,servicetypes,122,https://apigw.stockholm.se/noauth/virtualhittaservicedmz/rest/serviceunits/13657/relationships/servicetype,https://apigw.stockholm.se/noauth/virtualhittaservicedmz/rest/serviceunits/13657/servicetype,"[{'type': 'regions', 'id': '14'}]",https://apigw.stockholm.se/noauth/virtualhittaservicedmz/rest/serviceunits/13657
80,serviceunits,15454,Tranebergsängens utegym,6579994,149289,Tranebergsvägen,True,2022-06-30,2022-06-30,files,ab7e3112-b818-4d32-91a6-b7d42c11eb43,https://apigw.stockholm.se/noauth/virtualhittaservicedmz/rest/serviceunits/15454/relationships/image,https://apigw.stockholm.se/noauth/virtualhittaservicedmz/rest/serviceunits/15454/image,servicetypes,122,https://apigw.stockholm.se/noauth/virtualhittaservicedmz/rest/serviceunits/15454/relationships/servicetype,https://apigw.stockholm.se/noauth/virtualhittaservicedmz/rest/serviceunits/15454/servicetype,"[{'type': 'regions', 'id': '1'}]",https://apigw.stockholm.se/noauth/virtualhittaservicedmz/rest/serviceunits/15454
81,serviceunits,13658,Vanadislundens utegym,6581388,153013,Vanadislunden i korsningen Frejgatan/Sveavägen,True,2019-10-22,2022-03-24,files,803da561-e48f-4dbc-bed7-ee29451e12a4,https://apigw.stockholm.se/noauth/virtualhittaservicedmz/rest/serviceunits/13658/relationships/image,https://apigw.stockholm.se/noauth/virtualhittaservicedmz/rest/serviceunits/13658/image,servicetypes,122,https://apigw.stockholm.se/noauth/virtualhittaservicedmz/rest/serviceunits/13658/relationships/servicetype,https://apigw.stockholm.se/noauth/virtualhittaservicedmz/rest/serviceunits/13658/servicetype,"[{'type': 'regions', 'id': '7'}]",https://apigw.stockholm.se/noauth/virtualhittaservicedmz/rest/serviceunits/13658
82,serviceunits,13659,Vasaparkens utegym,6580442,152307,"Vasaparken, mot Torsgatan",True,2019-10-22,2022-03-24,files,ffe69054-11f7-4986-a296-1f221abeef7d,https://apigw.stockholm.se/noauth/virtualhittaservicedmz/rest/serviceunits/13659/relationships/image,https://apigw.stockholm.se/noauth/virtualhittaservicedmz/rest/serviceunits/13659/image,servicetypes,122,https://apigw.stockholm.se/noauth/virtualhittaservicedmz/rest/serviceunits/13659/relationships/servicetype,https://apigw.stockholm.se/noauth/virtualhittaservicedmz/rest/serviceunits/13659/servicetype,"[{'type': 'regions', 'id': '7'}]",https://apigw.stockholm.se/noauth/virtualhittaservicedmz/rest/serviceunits/13659
83,serviceunits,15315,Vespern,6570561,156547,,True,2022-03-08,2022-04-20,files,daddb6a0-e151-4c2e-9d0f-cc0e076ecf03,https://apigw.stockholm.se/noauth/virtualhittaservicedmz/rest/serviceunits/15315/relationships/image,https://apigw.stockholm.se/noauth/virtualhittaservicedmz/rest/serviceunits/15315/image,servicetypes,122,https://apigw.stockholm.se/noauth/virtualhittaservicedmz/rest/serviceunits/15315/relationships/servicetype,https://apigw.stockholm.se/noauth/virtualhittaservicedmz/rest/serviceunits/15315/servicetype,"[{'type': 'regions', 'id': '3'}]",https://apigw.stockholm.se/noauth/virtualhittaservicedmz/rest/serviceunits/15315
84,serviceunits,13660,Vintervikens utegym,6577396,150144,Vinterviksvägen 8,True,2019-10-22,2021-09-24,files,085ba097-666f-499f-9819-7d35a0bd40c6,https://apigw.stockholm.se/noauth/virtualhittaservicedmz/rest/serviceunits/13660/relationships/image,https://apigw.stockholm.se/noauth/virtualhittaservicedmz/rest/serviceunits/13660/image,servicetypes,122,https://apigw.stockholm.se/noauth/virtualhittaservicedmz/rest/serviceunits/13660/relationships/servicetype,https://apigw.stockholm.se/noauth/virtualhittaservicedmz/rest/serviceunits/13660/servicetype,"[{'type': 'regions', 'id': '16'}]",https://apigw.stockholm.se/noauth/virtualhittaservicedmz/rest/serviceunits/13660
85,serviceunits,15198,Vårbergstoppens utegym,6573044,143002,,True,2021-10-12,2021-10-12,files,0209e216-1e93-4e13-8e19-15ddb0767def,https://apigw.stockholm.se/noauth/virtualhittaservicedmz/rest/serviceunits/15198/relationships/image,https://apigw.stockholm.se/noauth/virtualhittaservicedmz/rest/serviceunits/15198/image,servicetypes,122,https://apigw.stockholm.se/noauth/virtualhittaservicedmz/rest/serviceunits/15198/relationships/servicetype,https://apigw.stockholm.se/noauth/virtualhittaservicedmz/rest/serviceunits/15198/servicetype,"[{'type': 'regions', 'id': '10'}]",https://apigw.stockholm.se/noauth/virtualhittaservicedmz/rest/serviceunits/15198
86,serviceunits,14823,Vårflodsparkens utegym,6574534,153507,Estlandsgatan 111,True,2020-08-19,2021-09-01,files,e22cb48f-4da4-45d9-abc2-54ba2d7ba0f5,https://apigw.stockholm.se/noauth/virtualhittaservicedmz/rest/serviceunits/14823/relationships/image,https://apigw.stockholm.se/noauth/virtualhittaservicedmz/rest/serviceunits/14823/image,servicetypes,122,https://apigw.stockholm.se/noauth/virtualhittaservicedmz/rest/serviceunits/14823/relationships/servicetype,https://apigw.stockholm.se/noauth/virtualhittaservicedmz/rest/serviceunits/14823/servicetype,"[{'type': 'regions', 'id': '2'}]",https://apigw.stockholm.se/noauth/virtualhittaservicedmz/rest/serviceunits/14823
87,serviceunits,13661,Vårgårdens utegym,6573497,143444,,True,2019-10-22,2020-08-26,files,57512a1e-0e6d-4fee-8a97-85b336c79ab1,https://apigw.stockholm.se/noauth/virtualhittaservicedmz/rest/serviceunits/13661/relationships/image,https://apigw.stockholm.se/noauth/virtualhittaservicedmz/rest/serviceunits/13661/image,servicetypes,122,https://apigw.stockholm.se/noauth/virtualhittaservicedmz/rest/serviceunits/13661/relationships/servicetype,https://apigw.stockholm.se/noauth/virtualhittaservicedmz/rest/serviceunits/13661/servicetype,"[{'type': 'regions', 'id': '10'}]",https://apigw.stockholm.se/noauth/virtualhittaservicedmz/rest/serviceunits/13661
88,serviceunits,15299,Älvsjöskogens lilla utegym,6572194,149807,Älvsjöskogens motionsspår - utmed järnvägsspåret,True,2022-02-11,2022-02-11,files,6665da0f-ade0-468a-a4e3-12636e7845e7,https://apigw.stockholm.se/noauth/virtualhittaservicedmz/rest/serviceunits/15299/relationships/image,https://apigw.stockholm.se/noauth/virtualhittaservicedmz/rest/serviceunits/15299/image,servicetypes,122,https://apigw.stockholm.se/noauth/virtualhittaservicedmz/rest/serviceunits/15299/relationships/servicetype,https://apigw.stockholm.se/noauth/virtualhittaservicedmz/rest/serviceunits/15299/servicetype,"[{'type': 'regions', 'id': '16'}]",https://apigw.stockholm.se/noauth/virtualhittaservicedmz/rest/serviceunits/15299
89,serviceunits,13663,Älvsjöskogens stora utegym,6572861,149682,Älvsjöskogens huvudentré från Klubbevägen,True,2019-10-22,2022-02-11,files,bbd517c4-5545-4256-b080-43129a0a26e6,https://apigw.stockholm.se/noauth/virtualhittaservicedmz/rest/serviceunits/13663/relationships/image,https://apigw.stockholm.se/noauth/virtualhittaservicedmz/rest/serviceunits/13663/image,servicetypes,122,https://apigw.stockholm.se/noauth/virtualhittaservicedmz/rest/serviceunits/13663/relationships/servicetype,https://apigw.stockholm.se/noauth/virtualhittaservicedmz/rest/serviceunits/13663/servicetype,"[{'type': 'regions', 'id': '16'}]",https://apigw.stockholm.se/noauth/virtualhittaservicedmz/rest/serviceunits/13663
90,serviceunits,13675,Ärvinge utegym,6587132,146225,,True,2019-10-22,2022-01-18,files,2ac1f6e0-4102-4cb7-ad19-d9a74aaaf91d,https://apigw.stockholm.se/noauth/virtualhittaservicedmz/rest/serviceunits/13675/relationships/image,https://apigw.stockholm.se/noauth/virtualhittaservicedmz/rest/serviceunits/13675/image,servicetypes,122,https://apigw.stockholm.se/noauth/virtualhittaservicedmz/rest/serviceunits/13675/relationships/servicetype,https://apigw.stockholm.se/noauth/virtualhittaservicedmz/rest/serviceunits/13675/servicetype,"[{'type': 'regions', 'id': '8'}]",https://apigw.stockholm.se/noauth/virtualhittaservicedmz/rest/serviceunits/13675
91,serviceunits,12762,Ågestas utegym,6567465,155986,,True,2019-08-22,2019-10-28,files,c7a2a9b5-adfb-410b-9ce8-de4f864a62b2,https://apigw.stockholm.se/noauth/virtualhittaservicedmz/rest/serviceunits/12762/relationships/image,https://apigw.stockholm.se/noauth/virtualhittaservicedmz/rest/serviceunits/12762/image,servicetypes,122,https://apigw.stockholm.se/noauth/virtualhittaservicedmz/rest/serviceunits/12762/relationships/servicetype,https://apigw.stockholm.se/noauth/virtualhittaservicedmz/rest/serviceunits/12762/servicetype,"[{'type': 'regions', 'id': '15'}]",https://apigw.stockholm.se/noauth/virtualhittaservicedmz/rest/serviceunits/12762
92,serviceunits,13662,Årstaskogens utegym,6576427,153374,,True,2019-10-22,2021-02-05,files,54f29ec3-a624-46ac-9b31-2c5a6f6c96ab,https://apigw.stockholm.se/noauth/virtualhittaservicedmz/rest/serviceunits/13662/relationships/image,https://apigw.stockholm.se/noauth/virtualhittaservicedmz/rest/serviceunits/13662/image,servicetypes,122,https://apigw.stockholm.se/noauth/virtualhittaservicedmz/rest/serviceunits/13662/relationships/servicetype,https://apigw.stockholm.se/noauth/virtualhittaservicedmz/rest/serviceunits/13662/servicetype,"[{'type': 'regions', 'id': '2'}]",https://apigw.stockholm.se/noauth/virtualhittaservicedmz/rest/serviceunits/13662
93,serviceunits,13676,Årstavikens utegym,6576660,152275,,True,2019-10-22,2021-02-08,files,12f8c360-440e-4d20-a3ee-7839e66a6329,https://apigw.stockholm.se/noauth/virtualhittaservicedmz/rest/serviceunits/13676/relationships/image,https://apigw.stockholm.se/noauth/virtualhittaservicedmz/rest/serviceunits/13676/image,servicetypes,122,https://apigw.stockholm.se/noauth/virtualhittaservicedmz/rest/serviceunits/13676/relationships/servicetype,https://apigw.stockholm.se/noauth/virtualhittaservicedmz/rest/serviceunits/13676/servicetype,"[{'type': 'regions', 'id': '2'}]",https://apigw.stockholm.se/noauth/virtualhittaservicedmz/rest/serviceunits/13676
94,serviceunits,12763,Östbergas utegym,6574564,151822,,True,2019-08-22,2021-02-05,files,9249cdbd-c2a1-4d24-a38c-b6d4c6f2b7cc,https://apigw.stockholm.se/noauth/virtualhittaservicedmz/rest/serviceunits/12763/relationships/image,https://apigw.stockholm.se/noauth/virtualhittaservicedmz/rest/serviceunits/12763/image,servicetypes,122,https://apigw.stockholm.se/noauth/virtualhittaservicedmz/rest/serviceunits/12763/relationships/servicetype,https://apigw.stockholm.se/noauth/virtualhittaservicedmz/rest/serviceunits/12763/servicetype,"[{'type': 'regions', 'id': '2'}]",https://apigw.stockholm.se/noauth/virtualhittaservicedmz/rest/serviceunits/12763
